5,Stream_1,ats,ES_1,ES_19,793,2000,5146
5,Stream_2,ats,ES_1,ES_467,744,1000,2703
0,Stream_3,ats,ES_2,ES_263,671,1000,18048
2,Stream_4,ats,ES_2,ES_140,791,1000,19669
3,Stream_5,ats,ES_3,ES_439,633,1000,13764
5,Stream_6,ats,ES_3,ES_5,881,1000,6294
4,Stream_7,ats,ES_4,ES_475,671,1000,2656
2,Stream_8,ats,ES_4,ES_141,544,500,17885
5,Stream_9,ats,ES_5,ES_10,921,2000,3917
4,Stream_10,ats,ES_5,ES_117,783,2000,18618
6,Stream_11,ats,ES_6,ES_58,713,2000,13075
4,Stream_12,ats,ES_6,ES_362,689,2000,11684
1,Stream_13,ats,ES_7,ES_245,912,1000,8418
4,Stream_14,ats,ES_7,ES_296,697,2000,12429
0,Stream_15,ats,ES_8,ES_152,705,500,9935
6,Stream_16,ats,ES_8,ES_463,562,2000,4858
5,Stream_17,ats,ES_9,ES_232,559,500,9658
3,Stream_18,ats,ES_9,ES_301,944,1000,6972
5,Stream_19,ats,ES_10,ES_181,594,500,3425
6,Stream_20,ats,ES_10,ES_41,693,500,13840
7,Stream_21,ats,ES_11,ES_479,978,2000,16930
5,Stream_22,ats,ES_11,ES_459,782,1000,18447
4,Stream_23,ats,ES_12,ES_59,675,2000,12237
1,Stream_24,ats,ES_12,ES_352,729,2000,4004
6,Stream_25,ats,ES_13,ES_121,655,2000,12649
0,Stream_26,ats,ES_13,ES_193,612,1000,18062
7,Stream_27,ats,ES_14,ES_64,646,2000,15414
2,Stream_28,ats,ES_14,ES_181,955,2000,5023
5,Stream_29,ats,ES_15,ES_457,752,2000,17539
2,Stream_30,ats,ES_15,ES_48,706,2000,13617
2,Stream_31,ats,ES_16,ES_79,508,1000,18843
5,Stream_32,ats,ES_16,ES_171,604,1000,12046
3,Stream_33,ats,ES_17,ES_501,645,2000,10673
0,Stream_34,ats,ES_17,ES_14,635,500,4893
7,Stream_35,ats,ES_18,ES_238,576,2000,11640
1,Stream_36,ats,ES_18,ES_306,510,1000,5158
6,Stream_37,ats,ES_19,ES_140,728,1000,9056
1,Stream_38,ats,ES_19,ES_496,660,2000,4816
7,Stream_39,ats,ES_20,ES_274,843,1000,8388
5,Stream_40,ats,ES_20,ES_419,623,500,10754
6,Stream_41,ats,ES_21,ES_407,718,1000,14723
1,Stream_42,ats,ES_21,ES_314,629,2000,2657
7,Stream_43,ats,ES_22,ES_175,500,1000,4098
4,Stream_44,ats,ES_22,ES_148,882,2000,18822
7,Stream_45,ats,ES_23,ES_307,740,2000,16058
5,Stream_46,ats,ES_23,ES_164,924,1000,3888
6,Stream_47,ats,ES_24,ES_351,894,2000,5452
2,Stream_48,ats,ES_24,ES_72,780,1000,18102
7,Stream_49,ats,ES_25,ES_405,611,2000,8051
2,Stream_50,ats,ES_25,ES_155,786,2000,14089
2,Stream_51,ats,ES_26,ES_161,848,1000,3356
3,Stream_52,ats,ES_26,ES_151,797,2000,13445
6,Stream_53,ats,ES_27,ES_397,954,1000,17959
1,Stream_54,ats,ES_27,ES_88,655,500,3140
2,Stream_55,ats,ES_28,ES_105,863,2000,1219
1,Stream_56,ats,ES_28,ES_121,648,500,5636
7,Stream_57,ats,ES_29,ES_501,669,2000,14651
3,Stream_58,ats,ES_29,ES_139,861,500,11798
3,Stream_59,ats,ES_30,ES_512,852,1000,1801
6,Stream_60,ats,ES_30,ES_153,994,500,13085
0,Stream_61,ats,ES_31,ES_158,769,500,12713
7,Stream_62,ats,ES_31,ES_210,632,1000,12946
0,Stream_63,ats,ES_32,ES_15,504,1000,4671
7,Stream_64,ats,ES_32,ES_295,646,1000,6581
0,Stream_65,ats,ES_33,ES_265,681,2000,10958
5,Stream_66,ats,ES_33,ES_78,868,500,15339
3,Stream_67,ats,ES_34,ES_473,761,1000,3412
7,Stream_68,ats,ES_34,ES_78,924,2000,6598
7,Stream_69,ats,ES_35,ES_231,854,1000,4127
6,Stream_70,ats,ES_35,ES_210,645,500,4681
1,Stream_71,ats,ES_36,ES_375,938,2000,2857
7,Stream_72,ats,ES_36,ES_127,847,2000,18877
7,Stream_73,ats,ES_37,ES_185,819,500,8595
2,Stream_74,ats,ES_37,ES_336,852,500,3734
2,Stream_75,ats,ES_38,ES_197,713,500,15999
0,Stream_76,ats,ES_38,ES_368,503,2000,10353
0,Stream_77,ats,ES_39,ES_32,906,1000,13314
3,Stream_78,ats,ES_39,ES_128,678,500,9251
5,Stream_79,ats,ES_40,ES_16,799,1000,11855
4,Stream_80,ats,ES_40,ES_399,633,2000,5420
0,Stream_81,ats,ES_41,ES_341,722,2000,2032
6,Stream_82,ats,ES_41,ES_91,631,2000,14520
7,Stream_83,ats,ES_42,ES_479,754,2000,6140
2,Stream_84,ats,ES_42,ES_154,668,500,17255
7,Stream_85,ats,ES_43,ES_333,578,1000,12623
7,Stream_86,ats,ES_43,ES_142,829,2000,13360
5,Stream_87,ats,ES_44,ES_37,888,2000,4679
3,Stream_88,ats,ES_44,ES_246,1000,2000,18461
0,Stream_89,ats,ES_45,ES_316,841,2000,16146
0,Stream_90,ats,ES_45,ES_374,500,2000,18600
3,Stream_91,ats,ES_46,ES_425,586,500,10563
7,Stream_92,ats,ES_46,ES_435,785,2000,16250
0,Stream_93,ats,ES_47,ES_413,520,500,19925
5,Stream_94,ats,ES_47,ES_389,996,500,19142
1,Stream_95,ats,ES_48,ES_248,572,1000,9026
4,Stream_96,ats,ES_48,ES_245,541,2000,5521
5,Stream_97,ats,ES_49,ES_89,617,1000,4817
4,Stream_98,ats,ES_49,ES_75,836,1000,5197
2,Stream_99,ats,ES_50,ES_363,636,500,4988
6,Stream_100,ats,ES_50,ES_329,691,2000,1761
0,Stream_101,ats,ES_51,ES_95,742,1000,8949
1,Stream_102,ats,ES_51,ES_10,579,500,4051
3,Stream_103,ats,ES_52,ES_53,884,2000,8875
0,Stream_104,ats,ES_52,ES_98,889,1000,8010
0,Stream_105,ats,ES_53,ES_386,700,1000,17847
7,Stream_106,ats,ES_53,ES_125,775,500,8235
6,Stream_107,ats,ES_54,ES_321,744,1000,9757
4,Stream_108,ats,ES_54,ES_507,890,2000,5617
6,Stream_109,ats,ES_55,ES_211,846,1000,1626
1,Stream_110,ats,ES_55,ES_115,653,2000,19967
1,Stream_111,ats,ES_56,ES_244,757,1000,4064
7,Stream_112,ats,ES_56,ES_429,769,2000,13250
4,Stream_113,ats,ES_57,ES_261,743,2000,3972
0,Stream_114,ats,ES_57,ES_282,757,1000,16834
6,Stream_115,ats,ES_58,ES_62,688,1000,3957
1,Stream_116,ats,ES_58,ES_432,787,1000,3023
5,Stream_117,ats,ES_59,ES_469,625,1000,18195
0,Stream_118,ats,ES_59,ES_389,619,500,18701
7,Stream_119,ats,ES_60,ES_48,826,1000,15923
1,Stream_120,ats,ES_60,ES_84,622,1000,12351
3,Stream_121,ats,ES_61,ES_269,934,2000,13823
5,Stream_122,ats,ES_61,ES_198,734,1000,4013
3,Stream_123,ats,ES_62,ES_326,744,1000,15509
5,Stream_124,ats,ES_62,ES_463,529,2000,4243
0,Stream_125,ats,ES_63,ES_124,882,2000,14006
6,Stream_126,ats,ES_63,ES_285,594,1000,8123
2,Stream_127,ats,ES_64,ES_229,913,2000,2063
5,Stream_128,ats,ES_64,ES_315,573,2000,6276
5,Stream_129,ats,ES_65,ES_455,814,2000,18136
0,Stream_130,ats,ES_65,ES_412,717,1000,14116
5,Stream_131,ats,ES_66,ES_235,835,500,13610
0,Stream_132,ats,ES_66,ES_212,799,1000,2089
3,Stream_133,ats,ES_67,ES_457,901,2000,13337
4,Stream_134,ats,ES_67,ES_242,545,500,7004
2,Stream_135,ats,ES_68,ES_413,633,2000,18499
6,Stream_136,ats,ES_68,ES_357,868,1000,6409
0,Stream_137,ats,ES_69,ES_67,738,2000,18159
6,Stream_138,ats,ES_69,ES_177,569,1000,5155
2,Stream_139,ats,ES_70,ES_182,693,500,16809
1,Stream_140,ats,ES_70,ES_335,726,2000,10806
5,Stream_141,ats,ES_71,ES_172,968,2000,18671
0,Stream_142,ats,ES_71,ES_204,613,1000,5561
6,Stream_143,ats,ES_72,ES_315,502,2000,2962
6,Stream_144,ats,ES_72,ES_226,826,2000,16649
4,Stream_145,ats,ES_73,ES_62,627,500,17393
7,Stream_146,ats,ES_73,ES_265,583,1000,2332
5,Stream_147,ats,ES_74,ES_107,643,2000,16649
5,Stream_148,ats,ES_74,ES_137,824,2000,16304
2,Stream_149,ats,ES_75,ES_33,537,2000,3227
4,Stream_150,ats,ES_75,ES_500,659,1000,2815
4,Stream_151,ats,ES_76,ES_89,645,500,4328
6,Stream_152,ats,ES_76,ES_206,691,2000,10600
1,Stream_153,ats,ES_77,ES_210,642,500,6298
5,Stream_154,ats,ES_77,ES_300,696,2000,17603
3,Stream_155,ats,ES_78,ES_261,557,500,12008
0,Stream_156,ats,ES_78,ES_342,806,500,11895
3,Stream_157,ats,ES_79,ES_47,591,1000,8026
0,Stream_158,ats,ES_79,ES_452,956,500,11300
0,Stream_159,ats,ES_80,ES_474,997,1000,14258
2,Stream_160,ats,ES_80,ES_446,787,1000,4247
4,Stream_161,ats,ES_81,ES_403,945,1000,6157
4,Stream_162,ats,ES_81,ES_36,609,1000,10109
3,Stream_163,ats,ES_82,ES_481,877,2000,11976
0,Stream_164,ats,ES_82,ES_222,639,1000,5967
0,Stream_165,ats,ES_83,ES_377,738,2000,17245
1,Stream_166,ats,ES_83,ES_240,817,500,17959
2,Stream_167,ats,ES_84,ES_345,984,2000,6579
2,Stream_168,ats,ES_84,ES_195,758,500,6543
3,Stream_169,ats,ES_85,ES_224,504,2000,14534
5,Stream_170,ats,ES_85,ES_221,664,2000,6689
7,Stream_171,ats,ES_86,ES_474,696,500,12639
0,Stream_172,ats,ES_86,ES_317,506,2000,14916
7,Stream_173,ats,ES_87,ES_1,708,1000,4313
1,Stream_174,ats,ES_87,ES_90,547,1000,4796
2,Stream_175,ats,ES_88,ES_446,638,1000,7729
1,Stream_176,ats,ES_88,ES_424,995,2000,8489
6,Stream_177,ats,ES_89,ES_426,906,1000,16854
4,Stream_178,ats,ES_89,ES_377,974,1000,16843
2,Stream_179,ats,ES_90,ES_164,976,1000,18858
2,Stream_180,ats,ES_90,ES_494,600,2000,7929
7,Stream_181,ats,ES_91,ES_395,789,2000,17163
4,Stream_182,ats,ES_91,ES_500,874,1000,14866
0,Stream_183,ats,ES_92,ES_399,970,1000,10566
1,Stream_184,ats,ES_92,ES_72,817,500,8479
6,Stream_185,ats,ES_93,ES_279,609,2000,16926
7,Stream_186,ats,ES_93,ES_496,905,1000,16994
2,Stream_187,ats,ES_94,ES_382,786,1000,6711
6,Stream_188,ats,ES_94,ES_509,567,500,17959
0,Stream_189,ats,ES_95,ES_160,705,1000,5897
2,Stream_190,ats,ES_95,ES_487,852,2000,8974
7,Stream_191,ats,ES_96,ES_329,856,1000,7521
4,Stream_192,ats,ES_96,ES_336,527,2000,12530
5,Stream_193,ats,ES_97,ES_113,991,1000,18014
4,Stream_194,ats,ES_97,ES_401,983,500,4765
0,Stream_195,ats,ES_98,ES_35,662,1000,17830
3,Stream_196,ats,ES_98,ES_432,759,1000,8092
0,Stream_197,ats,ES_99,ES_27,580,2000,8143
6,Stream_198,ats,ES_99,ES_102,643,2000,10852
7,Stream_199,ats,ES_100,ES_92,837,500,16187
5,Stream_200,ats,ES_100,ES_67,883,2000,4991
2,Stream_201,ats,ES_101,ES_432,771,500,10873
6,Stream_202,ats,ES_101,ES_127,986,500,10054
5,Stream_203,ats,ES_102,ES_474,581,2000,2708
4,Stream_204,ats,ES_102,ES_30,939,1000,6146
2,Stream_205,ats,ES_103,ES_277,636,2000,9031
5,Stream_206,ats,ES_103,ES_95,562,500,3683
0,Stream_207,ats,ES_104,ES_363,810,500,3715
6,Stream_208,ats,ES_104,ES_463,667,500,11155
3,Stream_209,ats,ES_105,ES_17,651,500,8451
3,Stream_210,ats,ES_105,ES_511,563,2000,10187
6,Stream_211,ats,ES_106,ES_284,926,500,15145
2,Stream_212,ats,ES_106,ES_34,654,500,9014
4,Stream_213,ats,ES_107,ES_2,957,1000,3187
1,Stream_214,ats,ES_107,ES_103,790,2000,10767
4,Stream_215,ats,ES_108,ES_466,682,1000,11772
5,Stream_216,ats,ES_108,ES_305,818,1000,7953
5,Stream_217,ats,ES_109,ES_388,546,500,9613
7,Stream_218,ats,ES_109,ES_358,957,500,10242
6,Stream_219,ats,ES_110,ES_224,999,2000,7549
2,Stream_220,ats,ES_110,ES_11,940,500,16053
3,Stream_221,ats,ES_111,ES_320,545,500,12575
7,Stream_222,ats,ES_111,ES_239,735,2000,16987
0,Stream_223,ats,ES_112,ES_476,879,2000,18980
7,Stream_224,ats,ES_112,ES_464,500,1000,11938
7,Stream_225,ats,ES_113,ES_5,569,500,14242
1,Stream_226,ats,ES_113,ES_397,806,2000,12377
1,Stream_227,ats,ES_114,ES_58,961,2000,3786
4,Stream_228,ats,ES_114,ES_302,872,1000,18889
2,Stream_229,ats,ES_115,ES_376,948,2000,2351
2,Stream_230,ats,ES_115,ES_4,704,2000,16085
3,Stream_231,ats,ES_116,ES_230,815,500,6045
5,Stream_232,ats,ES_116,ES_43,583,500,8214
6,Stream_233,ats,ES_117,ES_74,637,500,13662
7,Stream_234,ats,ES_117,ES_103,564,1000,13782
4,Stream_235,ats,ES_118,ES_368,949,500,14846
7,Stream_236,ats,ES_118,ES_138,965,1000,6501
1,Stream_237,ats,ES_119,ES_182,879,2000,3658
0,Stream_238,ats,ES_119,ES_69,815,500,2267
7,Stream_239,ats,ES_120,ES_233,986,1000,6985
7,Stream_240,ats,ES_120,ES_161,974,1000,3996
5,Stream_241,ats,ES_121,ES_317,958,2000,6011
5,Stream_242,ats,ES_121,ES_13,921,1000,3557
4,Stream_243,ats,ES_122,ES_318,773,2000,16699
5,Stream_244,ats,ES_122,ES_334,521,500,14880
4,Stream_245,ats,ES_123,ES_226,614,500,7689
4,Stream_246,ats,ES_123,ES_222,904,500,8647
1,Stream_247,ats,ES_124,ES_498,568,500,12788
6,Stream_248,ats,ES_124,ES_50,951,1000,15814
5,Stream_249,ats,ES_125,ES_413,558,500,4747
6,Stream_250,ats,ES_125,ES_389,540,500,18289
5,Stream_251,ats,ES_126,ES_149,714,500,10591
3,Stream_252,ats,ES_126,ES_435,676,1000,18991
4,Stream_253,ats,ES_127,ES_394,669,1000,5679
4,Stream_254,ats,ES_127,ES_250,743,2000,8496
7,Stream_255,ats,ES_128,ES_206,558,2000,6791
3,Stream_256,ats,ES_128,ES_358,990,1000,11944
2,Stream_257,ats,ES_129,ES_67,818,2000,4701
4,Stream_258,ats,ES_129,ES_409,918,2000,7628
5,Stream_259,ats,ES_130,ES_418,829,2000,15535
0,Stream_260,ats,ES_130,ES_307,961,500,2538
7,Stream_261,ats,ES_131,ES_153,588,500,19068
2,Stream_262,ats,ES_131,ES_320,758,500,8655
2,Stream_263,ats,ES_132,ES_505,670,500,11428
2,Stream_264,ats,ES_132,ES_251,641,500,14265
7,Stream_265,ats,ES_133,ES_153,546,1000,15518
4,Stream_266,ats,ES_133,ES_230,765,1000,6506
5,Stream_267,ats,ES_134,ES_302,575,2000,11582
4,Stream_268,ats,ES_134,ES_188,758,500,2255
2,Stream_269,ats,ES_135,ES_234,905,2000,12318
4,Stream_270,ats,ES_135,ES_356,845,500,15775
5,Stream_271,ats,ES_136,ES_186,921,500,18573
6,Stream_272,ats,ES_136,ES_144,587,500,19718
0,Stream_273,ats,ES_137,ES_183,714,1000,11934
0,Stream_274,ats,ES_137,ES_162,629,500,2381
3,Stream_275,ats,ES_138,ES_260,806,500,7307
5,Stream_276,ats,ES_138,ES_402,877,2000,5953
5,Stream_277,ats,ES_139,ES_195,571,2000,6369
1,Stream_278,ats,ES_139,ES_507,709,500,5110
6,Stream_279,ats,ES_140,ES_420,519,1000,6495
4,Stream_280,ats,ES_140,ES_304,857,2000,3200
4,Stream_281,ats,ES_141,ES_501,608,500,14956
6,Stream_282,ats,ES_141,ES_506,927,2000,8523
7,Stream_283,ats,ES_142,ES_165,916,500,11341
1,Stream_284,ats,ES_142,ES_499,687,500,3651
1,Stream_285,ats,ES_143,ES_201,531,500,7401
0,Stream_286,ats,ES_143,ES_15,838,1000,2692
1,Stream_287,ats,ES_144,ES_409,653,1000,7390
1,Stream_288,ats,ES_144,ES_151,684,1000,18040
4,Stream_289,ats,ES_145,ES_55,535,1000,3725
0,Stream_290,ats,ES_145,ES_68,959,1000,16885
6,Stream_291,ats,ES_146,ES_165,581,1000,19195
2,Stream_292,ats,ES_146,ES_152,847,500,15988
5,Stream_293,ats,ES_147,ES_215,976,2000,8310
4,Stream_294,ats,ES_147,ES_28,585,2000,2515
3,Stream_295,ats,ES_148,ES_317,876,1000,17726
5,Stream_296,ats,ES_148,ES_156,624,500,15658
3,Stream_297,ats,ES_149,ES_31,673,2000,4638
1,Stream_298,ats,ES_149,ES_304,910,1000,10045
7,Stream_299,ats,ES_150,ES_278,866,1000,16673
6,Stream_300,ats,ES_150,ES_255,918,1000,10048
4,Stream_301,ats,ES_151,ES_263,573,500,6091
0,Stream_302,ats,ES_151,ES_397,536,2000,13138
2,Stream_303,ats,ES_152,ES_26,917,1000,8654
1,Stream_304,ats,ES_152,ES_297,842,2000,8855
6,Stream_305,ats,ES_153,ES_332,991,500,1448
1,Stream_306,ats,ES_153,ES_6,640,500,15139
1,Stream_307,ats,ES_154,ES_34,531,1000,5854
7,Stream_308,ats,ES_154,ES_233,821,2000,9504
2,Stream_309,ats,ES_155,ES_398,743,500,6728
0,Stream_310,ats,ES_155,ES_440,699,1000,13420
1,Stream_311,ats,ES_156,ES_474,599,1000,11828
6,Stream_312,ats,ES_156,ES_290,950,2000,6826
0,Stream_313,ats,ES_157,ES_135,927,1000,4324
5,Stream_314,ats,ES_157,ES_376,822,500,17453
1,Stream_315,ats,ES_158,ES_339,632,1000,17958
4,Stream_316,ats,ES_158,ES_329,650,1000,17918
6,Stream_317,ats,ES_159,ES_77,816,2000,17626
4,Stream_318,ats,ES_159,ES_326,997,1000,19269
0,Stream_319,ats,ES_160,ES_23,868,1000,6569
1,Stream_320,ats,ES_160,ES_388,786,2000,5042
5,Stream_321,ats,ES_161,ES_380,676,1000,16221
7,Stream_322,ats,ES_161,ES_274,605,2000,4369
7,Stream_323,ats,ES_162,ES_158,984,1000,13027
2,Stream_324,ats,ES_162,ES_323,654,1000,12522
3,Stream_325,ats,ES_163,ES_365,723,1000,12105
3,Stream_326,ats,ES_163,ES_45,792,2000,8709
0,Stream_327,ats,ES_164,ES_415,724,500,12284
6,Stream_328,ats,ES_164,ES_342,885,1000,3900
5,Stream_329,ats,ES_165,ES_208,701,1000,5414
5,Stream_330,ats,ES_165,ES_61,733,500,1775
0,Stream_331,ats,ES_166,ES_286,894,500,12817
0,Stream_332,ats,ES_166,ES_457,645,500,18435
6,Stream_333,ats,ES_167,ES_101,650,500,3310
1,Stream_334,ats,ES_167,ES_153,942,2000,19921
2,Stream_335,ats,ES_168,ES_345,838,500,8621
3,Stream_336,ats,ES_168,ES_297,871,500,9363
4,Stream_337,ats,ES_169,ES_268,647,2000,19577
6,Stream_338,ats,ES_169,ES_324,592,500,16073
3,Stream_339,ats,ES_170,ES_426,641,500,12322
6,Stream_340,ats,ES_170,ES_471,867,500,13181
5,Stream_341,ats,ES_171,ES_202,912,2000,14393
3,Stream_342,ats,ES_171,ES_220,723,500,4757
1,Stream_343,ats,ES_172,ES_203,803,1000,12936
4,Stream_344,ats,ES_172,ES_239,549,2000,9290
7,Stream_345,ats,ES_173,ES_255,721,1000,13933
7,Stream_346,ats,ES_173,ES_245,612,2000,2550
7,Stream_347,ats,ES_174,ES_226,804,2000,4465
7,Stream_348,ats,ES_174,ES_463,940,500,16447
1,Stream_349,ats,ES_175,ES_446,922,500,9943
6,Stream_350,ats,ES_175,ES_188,517,2000,19356
7,Stream_351,ats,ES_176,ES_285,925,500,10181
7,Stream_352,ats,ES_176,ES_70,878,500,12332
1,Stream_353,ats,ES_177,ES_344,516,500,19009
0,Stream_354,ats,ES_177,ES_156,898,2000,13564
3,Stream_355,ats,ES_178,ES_270,569,500,3649
7,Stream_356,ats,ES_178,ES_433,863,1000,3171
1,Stream_357,ats,ES_179,ES_346,841,2000,6883
6,Stream_358,ats,ES_179,ES_35,883,1000,13677
0,Stream_359,ats,ES_180,ES_363,918,500,7074
2,Stream_360,ats,ES_180,ES_381,697,2000,6180
7,Stream_361,ats,ES_181,ES_141,542,500,16704
7,Stream_362,ats,ES_181,ES_465,974,2000,13855
6,Stream_363,ats,ES_182,ES_417,606,500,1348
4,Stream_364,ats,ES_182,ES_183,675,500,19192
0,Stream_365,ats,ES_183,ES_33,857,500,3279
7,Stream_366,ats,ES_183,ES_441,638,1000,18547
1,Stream_367,ats,ES_184,ES_258,677,2000,11899
6,Stream_368,ats,ES_184,ES_498,705,2000,15379
0,Stream_369,ats,ES_185,ES_91,601,1000,17988
7,Stream_370,ats,ES_185,ES_281,564,500,6441
6,Stream_371,ats,ES_186,ES_472,711,500,8775
7,Stream_372,ats,ES_186,ES_465,553,1000,4296
0,Stream_373,ats,ES_187,ES_351,506,2000,9031
3,Stream_374,ats,ES_187,ES_331,556,2000,15261
0,Stream_375,ats,ES_188,ES_51,838,2000,2654
2,Stream_376,ats,ES_188,ES_339,927,500,12172
0,Stream_377,ats,ES_189,ES_353,866,2000,14385
2,Stream_378,ats,ES_189,ES_378,664,1000,10032
1,Stream_379,ats,ES_190,ES_385,569,500,1700
7,Stream_380,ats,ES_190,ES_427,509,1000,13641
7,Stream_381,ats,ES_191,ES_4,851,2000,13451
1,Stream_382,ats,ES_191,ES_307,647,1000,12769
0,Stream_383,ats,ES_192,ES_356,691,500,18521
1,Stream_384,ats,ES_192,ES_239,665,2000,14984
1,Stream_385,ats,ES_193,ES_485,625,1000,16262
7,Stream_386,ats,ES_193,ES_53,811,500,16683
3,Stream_387,ats,ES_194,ES_255,991,1000,2491
7,Stream_388,ats,ES_194,ES_210,694,2000,14115
3,Stream_389,ats,ES_195,ES_79,629,2000,9692
3,Stream_390,ats,ES_195,ES_399,931,2000,15396
3,Stream_391,ats,ES_196,ES_281,687,1000,14064
2,Stream_392,ats,ES_196,ES_62,945,500,16210
7,Stream_393,ats,ES_197,ES_59,928,2000,3761
6,Stream_394,ats,ES_197,ES_344,772,1000,10119
3,Stream_395,ats,ES_198,ES_363,974,2000,6413
1,Stream_396,ats,ES_198,ES_281,693,500,18705
1,Stream_397,ats,ES_199,ES_283,806,2000,19073
3,Stream_398,ats,ES_199,ES_218,708,1000,17770
3,Stream_399,ats,ES_200,ES_115,916,2000,18068
0,Stream_400,ats,ES_200,ES_246,979,1000,1905
1,Stream_401,ats,ES_201,ES_187,952,2000,11323
4,Stream_402,ats,ES_201,ES_214,809,2000,11839
5,Stream_403,ats,ES_202,ES_132,627,500,8000
4,Stream_404,ats,ES_202,ES_351,710,500,16668
1,Stream_405,ats,ES_203,ES_327,580,1000,7076
4,Stream_406,ats,ES_203,ES_287,997,1000,7562
0,Stream_407,ats,ES_204,ES_273,833,2000,5702
3,Stream_408,ats,ES_204,ES_440,786,1000,7030
0,Stream_409,ats,ES_205,ES_433,934,1000,8584
1,Stream_410,ats,ES_205,ES_452,914,500,13024
7,Stream_411,ats,ES_206,ES_505,899,1000,19214
6,Stream_412,ats,ES_206,ES_5,686,500,2697
3,Stream_413,ats,ES_207,ES_296,905,500,4021
6,Stream_414,ats,ES_207,ES_62,861,1000,8884
5,Stream_415,ats,ES_208,ES_485,849,1000,18247
4,Stream_416,ats,ES_208,ES_460,565,2000,8358
5,Stream_417,ats,ES_209,ES_153,630,2000,11834
0,Stream_418,ats,ES_209,ES_49,624,1000,1626
7,Stream_419,ats,ES_210,ES_504,546,2000,16693
0,Stream_420,ats,ES_210,ES_23,714,2000,9368
0,Stream_421,ats,ES_211,ES_123,935,2000,18594
5,Stream_422,ats,ES_211,ES_241,753,1000,19241
4,Stream_423,ats,ES_212,ES_47,520,2000,15192
4,Stream_424,ats,ES_212,ES_140,840,500,13332
3,Stream_425,ats,ES_213,ES_197,901,500,13426
4,Stream_426,ats,ES_213,ES_9,522,500,18321
5,Stream_427,ats,ES_214,ES_375,535,2000,11558
3,Stream_428,ats,ES_214,ES_239,747,500,8841
2,Stream_429,ats,ES_215,ES_389,588,2000,9631
3,Stream_430,ats,ES_215,ES_158,524,2000,14669
0,Stream_431,ats,ES_216,ES_222,776,1000,3837
0,Stream_432,ats,ES_216,ES_212,526,1000,4696
4,Stream_433,ats,ES_217,ES_133,964,1000,11864
7,Stream_434,ats,ES_217,ES_71,746,2000,9187
5,Stream_435,ats,ES_218,ES_504,705,500,2728
1,Stream_436,ats,ES_218,ES_57,790,500,12452
2,Stream_437,ats,ES_219,ES_2,924,1000,4786
4,Stream_438,ats,ES_219,ES_413,844,1000,16437
3,Stream_439,ats,ES_220,ES_133,501,500,19552
2,Stream_440,ats,ES_220,ES_22,992,1000,4232
3,Stream_441,ats,ES_221,ES_418,859,1000,2496
5,Stream_442,ats,ES_221,ES_512,730,2000,3132
4,Stream_443,ats,ES_222,ES_153,910,1000,9401
0,Stream_444,ats,ES_222,ES_98,591,1000,7696
7,Stream_445,ats,ES_223,ES_461,547,2000,8676
5,Stream_446,ats,ES_223,ES_321,657,2000,5449
5,Stream_447,ats,ES_224,ES_95,866,500,2300
2,Stream_448,ats,ES_224,ES_296,590,500,9330
2,Stream_449,ats,ES_225,ES_186,732,1000,10278
4,Stream_450,ats,ES_225,ES_500,970,1000,15888
1,Stream_451,ats,ES_226,ES_267,579,2000,16140
0,Stream_452,ats,ES_226,ES_315,677,2000,8476
4,Stream_453,ats,ES_227,ES_216,603,500,5405
5,Stream_454,ats,ES_227,ES_447,872,1000,8907
1,Stream_455,ats,ES_228,ES_499,658,500,5043
7,Stream_456,ats,ES_228,ES_168,695,1000,3077
5,Stream_457,ats,ES_229,ES_162,820,2000,5571
7,Stream_458,ats,ES_229,ES_384,962,2000,17768
7,Stream_459,ats,ES_230,ES_329,608,2000,16579
1,Stream_460,ats,ES_230,ES_148,596,2000,11619
3,Stream_461,ats,ES_231,ES_453,865,2000,7703
5,Stream_462,ats,ES_231,ES_78,856,500,11527
7,Stream_463,ats,ES_232,ES_105,820,2000,4123
3,Stream_464,ats,ES_232,ES_323,600,2000,11855
5,Stream_465,ats,ES_233,ES_158,684,1000,13610
4,Stream_466,ats,ES_233,ES_427,664,2000,7672
7,Stream_467,ats,ES_234,ES_160,820,2000,9257
0,Stream_468,ats,ES_234,ES_397,879,500,12445
3,Stream_469,ats,ES_235,ES_502,944,500,4523
0,Stream_470,ats,ES_235,ES_399,917,1000,3916
1,Stream_471,ats,ES_236,ES_385,851,2000,18849
1,Stream_472,ats,ES_236,ES_373,775,500,13767
4,Stream_473,ats,ES_237,ES_172,681,2000,16385
4,Stream_474,ats,ES_237,ES_245,850,1000,1472
5,Stream_475,ats,ES_238,ES_268,898,2000,6238
3,Stream_476,ats,ES_238,ES_43,787,500,8047
1,Stream_477,ats,ES_239,ES_496,559,500,16392
1,Stream_478,ats,ES_239,ES_386,934,500,12523
3,Stream_479,ats,ES_240,ES_375,873,2000,5503
4,Stream_480,ats,ES_240,ES_194,918,1000,12619
0,Stream_481,ats,ES_241,ES_363,846,2000,9606
0,Stream_482,ats,ES_241,ES_321,822,500,12409
1,Stream_483,ats,ES_242,ES_225,814,500,18489
3,Stream_484,ats,ES_242,ES_382,942,2000,13638
2,Stream_485,ats,ES_243,ES_9,608,1000,18676
6,Stream_486,ats,ES_243,ES_176,887,1000,18518
4,Stream_487,ats,ES_244,ES_26,604,2000,15872
1,Stream_488,ats,ES_244,ES_190,842,2000,11455
5,Stream_489,ats,ES_245,ES_369,953,500,11619
5,Stream_490,ats,ES_245,ES_504,555,1000,4616
6,Stream_491,ats,ES_246,ES_332,881,500,11652
3,Stream_492,ats,ES_246,ES_32,658,500,8725
4,Stream_493,ats,ES_247,ES_263,672,1000,6312
0,Stream_494,ats,ES_247,ES_101,691,2000,15098
0,Stream_495,ats,ES_248,ES_370,790,500,10398
2,Stream_496,ats,ES_248,ES_201,671,1000,3504
2,Stream_497,ats,ES_249,ES_257,654,2000,10338
1,Stream_498,ats,ES_249,ES_82,686,1000,7613
7,Stream_499,ats,ES_250,ES_171,837,2000,10179
3,Stream_500,ats,ES_250,ES_91,651,2000,6225
3,Stream_501,ats,ES_251,ES_20,597,500,18274
2,Stream_502,ats,ES_251,ES_358,780,2000,18638
5,Stream_503,ats,ES_252,ES_306,809,500,12258
2,Stream_504,ats,ES_252,ES_132,710,500,10308
6,Stream_505,ats,ES_253,ES_422,704,2000,14898
5,Stream_506,ats,ES_253,ES_383,920,500,8761
0,Stream_507,ats,ES_254,ES_316,913,2000,8238
1,Stream_508,ats,ES_254,ES_394,653,2000,11599
4,Stream_509,ats,ES_255,ES_47,751,1000,13891
6,Stream_510,ats,ES_255,ES_90,948,2000,4571
4,Stream_511,ats,ES_256,ES_333,796,500,15406
2,Stream_512,ats,ES_256,ES_360,699,1000,9827
0,Stream_513,ats,ES_257,ES_106,504,1000,2216
6,Stream_514,ats,ES_257,ES_9,599,2000,1218
6,Stream_515,ats,ES_258,ES_52,559,2000,16731
4,Stream_516,ats,ES_258,ES_89,734,500,13914
7,Stream_517,ats,ES_259,ES_221,566,2000,9753
1,Stream_518,ats,ES_259,ES_406,953,2000,4509
5,Stream_519,ats,ES_260,ES_157,774,500,9035
6,Stream_520,ats,ES_260,ES_361,858,1000,18743
5,Stream_521,ats,ES_261,ES_372,788,1000,12099
4,Stream_522,ats,ES_261,ES_482,604,2000,5604
1,Stream_523,ats,ES_262,ES_3,620,1000,3154
0,Stream_524,ats,ES_262,ES_205,860,1000,7480
6,Stream_525,ats,ES_263,ES_12,854,1000,9057
6,Stream_526,ats,ES_263,ES_414,987,1000,1688
4,Stream_527,ats,ES_264,ES_337,768,1000,5875
4,Stream_528,ats,ES_264,ES_457,595,1000,11815
4,Stream_529,ats,ES_265,ES_339,895,500,15448
7,Stream_530,ats,ES_265,ES_129,889,500,4103
3,Stream_531,ats,ES_266,ES_450,736,500,19703
5,Stream_532,ats,ES_266,ES_45,820,2000,19359
0,Stream_533,ats,ES_267,ES_155,577,1000,19193
6,Stream_534,ats,ES_267,ES_220,645,500,3638
5,Stream_535,ats,ES_268,ES_47,888,2000,13803
6,Stream_536,ats,ES_268,ES_442,671,1000,16924
7,Stream_537,ats,ES_269,ES_441,698,1000,18924
6,Stream_538,ats,ES_269,ES_236,777,500,15061
6,Stream_539,ats,ES_270,ES_102,631,500,3404
1,Stream_540,ats,ES_270,ES_89,831,2000,6750
3,Stream_541,ats,ES_271,ES_405,910,2000,16712
2,Stream_542,ats,ES_271,ES_456,785,500,4631
6,Stream_543,ats,ES_272,ES_450,642,1000,16589
3,Stream_544,ats,ES_272,ES_461,833,500,13558
7,Stream_545,ats,ES_273,ES_494,699,500,9103
3,Stream_546,ats,ES_273,ES_203,608,500,8788
1,Stream_547,ats,ES_274,ES_462,864,500,5362
1,Stream_548,ats,ES_274,ES_129,954,2000,10751
3,Stream_549,ats,ES_275,ES_202,618,500,14108
4,Stream_550,ats,ES_275,ES_98,940,1000,2820
0,Stream_551,ats,ES_276,ES_296,701,500,3651
2,Stream_552,ats,ES_276,ES_437,936,500,8177
2,Stream_553,ats,ES_277,ES_451,949,2000,18235
5,Stream_554,ats,ES_277,ES_316,823,2000,2634
1,Stream_555,ats,ES_278,ES_320,762,500,1635
5,Stream_556,ats,ES_278,ES_159,549,1000,10662
3,Stream_557,ats,ES_279,ES_104,568,1000,12057
2,Stream_558,ats,ES_279,ES_453,959,2000,10931
5,Stream_559,ats,ES_280,ES_436,873,2000,5540
5,Stream_560,ats,ES_280,ES_220,848,2000,19404
5,Stream_561,ats,ES_281,ES_346,806,500,3451
5,Stream_562,ats,ES_281,ES_29,811,1000,14170
5,Stream_563,ats,ES_282,ES_137,758,500,18841
6,Stream_564,ats,ES_282,ES_351,528,500,8798
5,Stream_565,ats,ES_283,ES_444,965,500,14669
1,Stream_566,ats,ES_283,ES_367,764,1000,19851
7,Stream_567,ats,ES_284,ES_318,846,500,15860
3,Stream_568,ats,ES_284,ES_198,568,1000,17739
3,Stream_569,ats,ES_285,ES_420,661,2000,5359
5,Stream_570,ats,ES_285,ES_474,783,500,12280
6,Stream_571,ats,ES_286,ES_54,915,1000,5730
5,Stream_572,ats,ES_286,ES_213,957,1000,14959
7,Stream_573,ats,ES_287,ES_313,835,2000,5982
3,Stream_574,ats,ES_287,ES_456,845,1000,8006
5,Stream_575,ats,ES_288,ES_55,661,1000,2681
2,Stream_576,ats,ES_288,ES_248,793,2000,13364
7,Stream_577,ats,ES_289,ES_32,529,500,11491
5,Stream_578,ats,ES_289,ES_403,925,1000,1095
6,Stream_579,ats,ES_290,ES_209,699,1000,1671
4,Stream_580,ats,ES_290,ES_475,783,1000,7834
1,Stream_581,ats,ES_291,ES_98,537,2000,1504
4,Stream_582,ats,ES_291,ES_183,978,2000,1973
5,Stream_583,ats,ES_292,ES_204,652,2000,14184
6,Stream_584,ats,ES_292,ES_116,861,500,13070
0,Stream_585,ats,ES_293,ES_307,508,2000,13998
4,Stream_586,ats,ES_293,ES_208,706,1000,2617
6,Stream_587,ats,ES_294,ES_351,795,2000,10864
5,Stream_588,ats,ES_294,ES_257,712,2000,9158
1,Stream_589,ats,ES_295,ES_204,607,1000,1976
0,Stream_590,ats,ES_295,ES_471,744,2000,12225
4,Stream_591,ats,ES_296,ES_27,961,500,5308
3,Stream_592,ats,ES_296,ES_293,667,500,11770
3,Stream_593,ats,ES_297,ES_305,532,500,13440
6,Stream_594,ats,ES_297,ES_195,593,500,15362
6,Stream_595,ats,ES_298,ES_126,575,2000,2152
0,Stream_596,ats,ES_298,ES_350,530,500,18980
5,Stream_597,ats,ES_299,ES_85,642,500,14010
2,Stream_598,ats,ES_299,ES_375,909,1000,7420
7,Stream_599,ats,ES_300,ES_158,725,1000,11782
3,Stream_600,ats,ES_300,ES_276,688,2000,19686
4,Stream_601,ats,ES_301,ES_58,925,1000,18695
1,Stream_602,ats,ES_301,ES_160,607,1000,19721
3,Stream_603,ats,ES_302,ES_406,732,500,2923
0,Stream_604,ats,ES_302,ES_298,649,500,3070
1,Stream_605,ats,ES_303,ES_512,552,1000,18068
0,Stream_606,ats,ES_303,ES_453,840,2000,3983
5,Stream_607,ats,ES_304,ES_31,882,1000,10803
2,Stream_608,ats,ES_304,ES_224,553,2000,2488
2,Stream_609,ats,ES_305,ES_287,625,500,11284
0,Stream_610,ats,ES_305,ES_25,847,500,13556
4,Stream_611,ats,ES_306,ES_435,950,2000,3324
1,Stream_612,ats,ES_306,ES_126,757,500,5791
2,Stream_613,ats,ES_307,ES_152,820,2000,11269
3,Stream_614,ats,ES_307,ES_431,923,500,11510
4,Stream_615,ats,ES_308,ES_472,573,500,2380
5,Stream_616,ats,ES_308,ES_84,886,1000,16443
0,Stream_617,ats,ES_309,ES_440,933,500,13484
3,Stream_618,ats,ES_309,ES_282,621,500,11778
2,Stream_619,ats,ES_310,ES_367,863,500,11929
0,Stream_620,ats,ES_310,ES_323,551,2000,5184
5,Stream_621,ats,ES_311,ES_329,714,500,3726
1,Stream_622,ats,ES_311,ES_11,920,2000,5235
0,Stream_623,ats,ES_312,ES_395,880,1000,4870
0,Stream_624,ats,ES_312,ES_489,827,500,9873
4,Stream_625,ats,ES_313,ES_84,545,1000,3797
4,Stream_626,ats,ES_313,ES_306,870,2000,6090
2,Stream_627,ats,ES_314,ES_168,526,500,7375
5,Stream_628,ats,ES_314,ES_495,947,500,13959
3,Stream_629,ats,ES_315,ES_158,526,2000,17790
7,Stream_630,ats,ES_315,ES_410,715,1000,5521
1,Stream_631,ats,ES_316,ES_88,549,500,5499
0,Stream_632,ats,ES_316,ES_25,775,1000,9219
2,Stream_633,ats,ES_317,ES_465,704,2000,2843
6,Stream_634,ats,ES_317,ES_144,721,1000,19685
2,Stream_635,ats,ES_318,ES_492,621,1000,7242
5,Stream_636,ats,ES_318,ES_192,500,1000,10673
3,Stream_637,ats,ES_319,ES_392,721,2000,3650
0,Stream_638,ats,ES_319,ES_205,699,500,18431
0,Stream_639,ats,ES_320,ES_3,540,2000,2314
7,Stream_640,ats,ES_320,ES_269,659,2000,1619
2,Stream_641,ats,ES_321,ES_511,501,2000,12478
3,Stream_642,ats,ES_321,ES_153,653,1000,11056
0,Stream_643,ats,ES_322,ES_241,986,2000,14439
7,Stream_644,ats,ES_322,ES_485,531,1000,6021
6,Stream_645,ats,ES_323,ES_44,675,500,13337
4,Stream_646,ats,ES_323,ES_329,889,1000,10888
2,Stream_647,ats,ES_324,ES_355,939,2000,1879
1,Stream_648,ats,ES_324,ES_85,616,1000,10106
0,Stream_649,ats,ES_325,ES_318,560,2000,15495
1,Stream_650,ats,ES_325,ES_335,537,500,18637
5,Stream_651,ats,ES_326,ES_398,538,500,5333
5,Stream_652,ats,ES_326,ES_439,907,1000,16460
7,Stream_653,ats,ES_327,ES_108,720,500,17722
2,Stream_654,ats,ES_327,ES_146,972,500,18350
7,Stream_655,ats,ES_328,ES_281,959,500,8805
7,Stream_656,ats,ES_328,ES_500,839,1000,14189
1,Stream_657,ats,ES_329,ES_24,705,2000,8175
2,Stream_658,ats,ES_329,ES_178,731,500,8463
5,Stream_659,ats,ES_330,ES_498,684,1000,8534
7,Stream_660,ats,ES_330,ES_221,720,500,5692
1,Stream_661,ats,ES_331,ES_430,941,2000,17245
5,Stream_662,ats,ES_331,ES_233,643,500,3503
0,Stream_663,ats,ES_332,ES_167,646,500,12346
3,Stream_664,ats,ES_332,ES_490,511,500,5682
4,Stream_665,ats,ES_333,ES_297,550,2000,19048
2,Stream_666,ats,ES_333,ES_304,862,500,3107
0,Stream_667,ats,ES_334,ES_311,915,2000,19402
0,Stream_668,ats,ES_334,ES_471,910,500,8970
3,Stream_669,ats,ES_335,ES_44,806,500,6655
1,Stream_670,ats,ES_335,ES_161,546,2000,8223
3,Stream_671,ats,ES_336,ES_487,749,1000,18609
0,Stream_672,ats,ES_336,ES_314,514,1000,6607
3,Stream_673,ats,ES_337,ES_436,641,1000,2089
2,Stream_674,ats,ES_337,ES_109,859,2000,7876
2,Stream_675,ats,ES_338,ES_111,841,2000,8379
2,Stream_676,ats,ES_338,ES_422,541,500,14519
6,Stream_677,ats,ES_339,ES_452,885,1000,1237
6,Stream_678,ats,ES_339,ES_367,707,500,1166
7,Stream_679,ats,ES_340,ES_424,546,1000,3302
0,Stream_680,ats,ES_340,ES_406,521,1000,16154
0,Stream_681,ats,ES_341,ES_427,768,1000,2342
0,Stream_682,ats,ES_341,ES_502,757,2000,18929
3,Stream_683,ats,ES_342,ES_389,711,500,5623
1,Stream_684,ats,ES_342,ES_380,709,1000,1583
3,Stream_685,ats,ES_343,ES_156,919,2000,9249
7,Stream_686,ats,ES_343,ES_142,577,2000,17025
1,Stream_687,ats,ES_344,ES_479,909,500,6523
7,Stream_688,ats,ES_344,ES_386,613,2000,4038
3,Stream_689,ats,ES_345,ES_111,572,2000,16919
0,Stream_690,ats,ES_345,ES_176,552,1000,5270
7,Stream_691,ats,ES_346,ES_450,777,1000,9160
5,Stream_692,ats,ES_346,ES_320,604,2000,18119
4,Stream_693,ats,ES_347,ES_95,660,2000,4882
2,Stream_694,ats,ES_347,ES_105,735,1000,16486
7,Stream_695,ats,ES_348,ES_98,505,2000,6782
1,Stream_696,ats,ES_348,ES_298,883,2000,3666
3,Stream_697,ats,ES_349,ES_114,558,1000,16026
6,Stream_698,ats,ES_349,ES_79,572,2000,13435
4,Stream_699,ats,ES_350,ES_508,587,500,13391
0,Stream_700,ats,ES_350,ES_361,607,500,4202
0,Stream_701,ats,ES_351,ES_386,566,500,15893
5,Stream_702,ats,ES_351,ES_262,717,1000,12523
2,Stream_703,ats,ES_352,ES_478,867,2000,11708
7,Stream_704,ats,ES_352,ES_145,736,1000,10927
0,Stream_705,ats,ES_353,ES_502,731,500,7547
5,Stream_706,ats,ES_353,ES_294,805,500,7132
4,Stream_707,ats,ES_354,ES_215,901,2000,4117
6,Stream_708,ats,ES_354,ES_168,615,500,7165
4,Stream_709,ats,ES_355,ES_433,518,2000,19533
5,Stream_710,ats,ES_355,ES_221,884,2000,14525
7,Stream_711,ats,ES_356,ES_67,922,2000,7567
2,Stream_712,ats,ES_356,ES_453,647,500,7484
5,Stream_713,ats,ES_357,ES_128,858,500,1906
0,Stream_714,ats,ES_357,ES_282,914,1000,11715
4,Stream_715,ats,ES_358,ES_130,640,500,9540
6,Stream_716,ats,ES_358,ES_88,613,2000,19049
5,Stream_717,ats,ES_359,ES_443,828,2000,17478
0,Stream_718,ats,ES_359,ES_184,696,2000,5838
4,Stream_719,ats,ES_360,ES_100,854,2000,7963
7,Stream_720,ats,ES_360,ES_100,524,2000,3652
4,Stream_721,ats,ES_361,ES_298,711,2000,12418
2,Stream_722,ats,ES_361,ES_17,597,500,16137
4,Stream_723,ats,ES_362,ES_254,694,1000,4781
6,Stream_724,ats,ES_362,ES_482,726,1000,11382
7,Stream_725,ats,ES_363,ES_173,842,1000,5188
0,Stream_726,ats,ES_363,ES_290,588,1000,11868
7,Stream_727,ats,ES_364,ES_86,910,2000,8657
6,Stream_728,ats,ES_364,ES_176,877,2000,14436
5,Stream_729,ats,ES_365,ES_233,974,500,1811
5,Stream_730,ats,ES_365,ES_510,523,2000,9824
0,Stream_731,ats,ES_366,ES_451,574,500,7421
6,Stream_732,ats,ES_366,ES_140,792,1000,9782
0,Stream_733,ats,ES_367,ES_189,626,2000,1006
3,Stream_734,ats,ES_367,ES_171,662,500,2945
7,Stream_735,ats,ES_368,ES_285,825,500,18121
7,Stream_736,ats,ES_368,ES_417,948,1000,14218
4,Stream_737,ats,ES_369,ES_427,591,500,17536
3,Stream_738,ats,ES_369,ES_138,725,2000,17747
2,Stream_739,ats,ES_370,ES_452,533,1000,5717
1,Stream_740,ats,ES_370,ES_33,865,500,1121
0,Stream_741,ats,ES_371,ES_249,622,1000,14981
1,Stream_742,ats,ES_371,ES_84,681,2000,9174
6,Stream_743,ats,ES_372,ES_77,549,2000,6427
5,Stream_744,ats,ES_372,ES_486,708,2000,1512
3,Stream_745,ats,ES_373,ES_190,913,1000,8618
4,Stream_746,ats,ES_373,ES_180,808,500,11008
3,Stream_747,ats,ES_374,ES_256,809,500,9533
6,Stream_748,ats,ES_374,ES_216,862,2000,6975
5,Stream_749,ats,ES_375,ES_126,901,500,18560
3,Stream_750,ats,ES_375,ES_258,535,500,3823
5,Stream_751,ats,ES_376,ES_220,602,1000,15603
4,Stream_752,ats,ES_376,ES_280,607,2000,18370
5,Stream_753,ats,ES_377,ES_478,830,1000,7081
6,Stream_754,ats,ES_377,ES_298,836,500,7582
4,Stream_755,ats,ES_378,ES_198,807,500,3615
4,Stream_756,ats,ES_378,ES_193,983,1000,18145
7,Stream_757,ats,ES_379,ES_263,740,1000,2222
7,Stream_758,ats,ES_379,ES_62,719,1000,11724
2,Stream_759,ats,ES_380,ES_83,706,2000,12371
7,Stream_760,ats,ES_380,ES_423,966,500,13370
6,Stream_761,ats,ES_381,ES_495,836,2000,19574
0,Stream_762,ats,ES_381,ES_8,554,2000,9243
7,Stream_763,ats,ES_382,ES_512,655,1000,10286
3,Stream_764,ats,ES_382,ES_430,715,1000,8661
7,Stream_765,ats,ES_383,ES_212,964,500,13579
0,Stream_766,ats,ES_383,ES_267,942,2000,18819
5,Stream_767,ats,ES_384,ES_141,636,500,19930
4,Stream_768,ats,ES_384,ES_158,754,2000,7852
4,Stream_769,ats,ES_385,ES_143,813,2000,18523
3,Stream_770,ats,ES_385,ES_254,1000,500,15949
1,Stream_771,ats,ES_386,ES_190,939,2000,2206
6,Stream_772,ats,ES_386,ES_2,779,500,13797
1,Stream_773,ats,ES_387,ES_28,701,1000,17496
7,Stream_774,ats,ES_387,ES_107,561,1000,6198
7,Stream_775,ats,ES_388,ES_196,948,500,8531
0,Stream_776,ats,ES_388,ES_491,779,500,8433
5,Stream_777,ats,ES_389,ES_258,819,2000,6915
2,Stream_778,ats,ES_389,ES_24,846,1000,13893
6,Stream_779,ats,ES_390,ES_346,650,1000,6582
2,Stream_780,ats,ES_390,ES_181,821,1000,10841
3,Stream_781,ats,ES_391,ES_135,914,500,16747
4,Stream_782,ats,ES_391,ES_373,881,1000,19193
2,Stream_783,ats,ES_392,ES_378,770,2000,3299
3,Stream_784,ats,ES_392,ES_222,503,2000,19061
4,Stream_785,ats,ES_393,ES_286,795,2000,5831
4,Stream_786,ats,ES_393,ES_504,981,1000,18492
3,Stream_787,ats,ES_394,ES_487,927,1000,11694
3,Stream_788,ats,ES_394,ES_58,656,500,10648
5,Stream_789,ats,ES_395,ES_202,672,500,10859
2,Stream_790,ats,ES_395,ES_186,876,2000,2197
4,Stream_791,ats,ES_396,ES_197,677,2000,19258
1,Stream_792,ats,ES_396,ES_136,610,2000,7546
2,Stream_793,ats,ES_397,ES_227,635,1000,5377
2,Stream_794,ats,ES_397,ES_354,911,500,6415
3,Stream_795,ats,ES_398,ES_300,538,2000,16151
6,Stream_796,ats,ES_398,ES_289,573,1000,15392
0,Stream_797,ats,ES_399,ES_495,578,500,19264
7,Stream_798,ats,ES_399,ES_501,892,500,9463
5,Stream_799,ats,ES_400,ES_303,734,2000,14096
3,Stream_800,ats,ES_400,ES_483,835,500,13826
7,Stream_801,ats,ES_401,ES_447,987,1000,12019
0,Stream_802,ats,ES_401,ES_200,838,500,8112
1,Stream_803,ats,ES_402,ES_31,518,1000,1188
0,Stream_804,ats,ES_402,ES_243,761,2000,1465
0,Stream_805,ats,ES_403,ES_393,998,2000,10800
4,Stream_806,ats,ES_403,ES_124,655,500,17510
3,Stream_807,ats,ES_404,ES_490,998,2000,17951
6,Stream_808,ats,ES_404,ES_148,759,1000,5388
4,Stream_809,ats,ES_405,ES_210,719,500,5840
1,Stream_810,ats,ES_405,ES_281,813,500,4496
7,Stream_811,ats,ES_406,ES_171,1000,2000,3379
5,Stream_812,ats,ES_406,ES_197,803,2000,18830
4,Stream_813,ats,ES_407,ES_174,584,500,5120
7,Stream_814,ats,ES_407,ES_345,952,1000,5734
4,Stream_815,ats,ES_408,ES_230,836,500,19722
7,Stream_816,ats,ES_408,ES_142,967,2000,4131
3,Stream_817,ats,ES_409,ES_255,810,2000,3032
1,Stream_818,ats,ES_409,ES_457,542,2000,6585
6,Stream_819,ats,ES_410,ES_198,998,2000,16278
2,Stream_820,ats,ES_410,ES_111,968,1000,16990
7,Stream_821,ats,ES_411,ES_180,519,1000,12954
6,Stream_822,ats,ES_411,ES_39,583,2000,7791
4,Stream_823,ats,ES_412,ES_286,899,2000,18090
5,Stream_824,ats,ES_412,ES_423,920,1000,9445
1,Stream_825,ats,ES_413,ES_137,574,2000,19355
4,Stream_826,ats,ES_413,ES_141,752,500,1572
6,Stream_827,ats,ES_414,ES_78,654,1000,11146
1,Stream_828,ats,ES_414,ES_46,613,2000,13223
1,Stream_829,ats,ES_415,ES_412,822,1000,4963
3,Stream_830,ats,ES_415,ES_214,809,500,11028
0,Stream_831,ats,ES_416,ES_201,867,2000,13892
4,Stream_832,ats,ES_416,ES_444,856,2000,5108
3,Stream_833,ats,ES_417,ES_403,545,2000,12971
3,Stream_834,ats,ES_417,ES_249,574,1000,6624
4,Stream_835,ats,ES_418,ES_212,911,500,18361
4,Stream_836,ats,ES_418,ES_326,865,2000,7626
1,Stream_837,ats,ES_419,ES_9,610,500,10871
3,Stream_838,ats,ES_419,ES_288,937,2000,6978
6,Stream_839,ats,ES_420,ES_336,767,2000,10176
7,Stream_840,ats,ES_420,ES_278,847,500,3955
1,Stream_841,ats,ES_421,ES_199,534,2000,7397
3,Stream_842,ats,ES_421,ES_180,861,500,16490
1,Stream_843,ats,ES_422,ES_97,726,2000,13128
3,Stream_844,ats,ES_422,ES_22,920,2000,16322
2,Stream_845,ats,ES_423,ES_137,938,2000,7924
3,Stream_846,ats,ES_423,ES_426,881,1000,8151
3,Stream_847,ats,ES_424,ES_276,733,500,3907
4,Stream_848,ats,ES_424,ES_468,968,2000,5026
0,Stream_849,ats,ES_425,ES_372,766,1000,17277
5,Stream_850,ats,ES_425,ES_277,607,1000,6997
7,Stream_851,ats,ES_426,ES_466,915,2000,11994
2,Stream_852,ats,ES_426,ES_93,738,2000,7213
6,Stream_853,ats,ES_427,ES_154,747,2000,1563
6,Stream_854,ats,ES_427,ES_61,649,500,16037
4,Stream_855,ats,ES_428,ES_366,558,500,19942
3,Stream_856,ats,ES_428,ES_391,506,1000,12346
7,Stream_857,ats,ES_429,ES_379,715,500,2156
7,Stream_858,ats,ES_429,ES_59,616,1000,19663
1,Stream_859,ats,ES_430,ES_162,571,2000,6750
2,Stream_860,ats,ES_430,ES_25,597,1000,1611
6,Stream_861,ats,ES_431,ES_224,658,2000,1589
3,Stream_862,ats,ES_431,ES_468,593,2000,8194
2,Stream_863,ats,ES_432,ES_449,977,1000,5082
5,Stream_864,ats,ES_432,ES_66,531,2000,13118
6,Stream_865,ats,ES_433,ES_190,644,2000,14830
3,Stream_866,ats,ES_433,ES_454,604,500,14904
2,Stream_867,ats,ES_434,ES_187,971,2000,13116
0,Stream_868,ats,ES_434,ES_464,718,1000,4787
1,Stream_869,ats,ES_435,ES_332,631,1000,12291
6,Stream_870,ats,ES_435,ES_359,830,500,16101
2,Stream_871,ats,ES_436,ES_378,637,500,12642
6,Stream_872,ats,ES_436,ES_403,606,500,3313
2,Stream_873,ats,ES_437,ES_342,759,500,7611
2,Stream_874,ats,ES_437,ES_451,773,500,2831
4,Stream_875,ats,ES_438,ES_119,942,500,12351
5,Stream_876,ats,ES_438,ES_188,929,1000,14113
6,Stream_877,ats,ES_439,ES_166,870,500,12018
2,Stream_878,ats,ES_439,ES_309,934,500,6165
0,Stream_879,ats,ES_440,ES_173,964,2000,13133
5,Stream_880,ats,ES_440,ES_455,809,2000,3899
3,Stream_881,ats,ES_441,ES_92,647,500,11887
1,Stream_882,ats,ES_441,ES_125,940,2000,8027
1,Stream_883,ats,ES_442,ES_245,804,2000,11015
5,Stream_884,ats,ES_442,ES_132,898,500,19149
1,Stream_885,ats,ES_443,ES_256,848,500,19709
5,Stream_886,ats,ES_443,ES_106,939,2000,7327
6,Stream_887,ats,ES_444,ES_96,756,1000,18324
3,Stream_888,ats,ES_444,ES_32,935,500,5220
2,Stream_889,ats,ES_445,ES_195,612,2000,1246
4,Stream_890,ats,ES_445,ES_475,775,500,3181
6,Stream_891,ats,ES_446,ES_190,500,500,6879
7,Stream_892,ats,ES_446,ES_364,856,500,19279
1,Stream_893,ats,ES_447,ES_440,977,2000,15536
1,Stream_894,ats,ES_447,ES_70,858,2000,11866
6,Stream_895,ats,ES_448,ES_203,828,500,1064
7,Stream_896,ats,ES_448,ES_133,919,1000,12168
0,Stream_897,ats,ES_449,ES_15,952,1000,16678
1,Stream_898,ats,ES_449,ES_465,622,2000,11990
1,Stream_899,ats,ES_450,ES_288,813,1000,14440
2,Stream_900,ats,ES_450,ES_218,619,500,19832
5,Stream_901,ats,ES_451,ES_277,852,2000,14239
3,Stream_902,ats,ES_451,ES_127,540,1000,14995
2,Stream_903,ats,ES_452,ES_104,583,2000,10360
6,Stream_904,ats,ES_452,ES_367,554,1000,1910
1,Stream_905,ats,ES_453,ES_335,955,500,1705
3,Stream_906,ats,ES_453,ES_425,874,1000,17859
2,Stream_907,ats,ES_454,ES_235,672,500,15015
2,Stream_908,ats,ES_454,ES_489,770,500,16554
2,Stream_909,ats,ES_455,ES_364,624,2000,10289
6,Stream_910,ats,ES_455,ES_207,576,1000,5107
5,Stream_911,ats,ES_456,ES_261,967,500,7873
2,Stream_912,ats,ES_456,ES_481,576,2000,16230
7,Stream_913,ats,ES_457,ES_51,923,1000,12562
0,Stream_914,ats,ES_457,ES_99,837,1000,4041
0,Stream_915,ats,ES_458,ES_233,833,500,14761
0,Stream_916,ats,ES_458,ES_220,732,1000,11988
7,Stream_917,ats,ES_459,ES_237,533,500,6833
2,Stream_918,ats,ES_459,ES_214,815,1000,1258
6,Stream_919,ats,ES_460,ES_479,646,2000,1205
2,Stream_920,ats,ES_460,ES_148,574,1000,16162
6,Stream_921,ats,ES_461,ES_435,697,500,16632
6,Stream_922,ats,ES_461,ES_467,855,1000,13094
6,Stream_923,ats,ES_462,ES_260,899,2000,18344
0,Stream_924,ats,ES_462,ES_103,831,1000,6414
2,Stream_925,ats,ES_463,ES_501,858,1000,13175
0,Stream_926,ats,ES_463,ES_494,582,1000,3919
2,Stream_927,ats,ES_464,ES_434,793,500,14484
5,Stream_928,ats,ES_464,ES_381,712,500,5214
7,Stream_929,ats,ES_465,ES_415,514,500,12325
3,Stream_930,ats,ES_465,ES_501,710,500,10532
2,Stream_931,ats,ES_466,ES_82,712,2000,19577
0,Stream_932,ats,ES_466,ES_4,833,500,17180
5,Stream_933,ats,ES_467,ES_325,960,500,12601
5,Stream_934,ats,ES_467,ES_349,939,1000,14495
7,Stream_935,ats,ES_468,ES_23,581,2000,7247
4,Stream_936,ats,ES_468,ES_380,876,1000,16926
3,Stream_937,ats,ES_469,ES_145,963,2000,5824
3,Stream_938,ats,ES_469,ES_267,603,1000,3979
4,Stream_939,ats,ES_470,ES_238,597,500,14498
4,Stream_940,ats,ES_470,ES_326,598,500,17026
5,Stream_941,ats,ES_471,ES_112,803,1000,8604
2,Stream_942,ats,ES_471,ES_305,864,1000,17060
2,Stream_943,ats,ES_472,ES_59,689,1000,19769
0,Stream_944,ats,ES_472,ES_162,615,1000,5696
2,Stream_945,ats,ES_473,ES_229,933,1000,19260
0,Stream_946,ats,ES_473,ES_386,786,1000,14438
7,Stream_947,ats,ES_474,ES_506,927,500,1442
7,Stream_948,ats,ES_474,ES_224,846,500,8956
0,Stream_949,ats,ES_475,ES_135,694,500,6514
7,Stream_950,ats,ES_475,ES_191,981,500,19833
5,Stream_951,ats,ES_476,ES_389,662,2000,16370
3,Stream_952,ats,ES_476,ES_248,897,500,11356
3,Stream_953,ats,ES_477,ES_325,525,500,2112
6,Stream_954,ats,ES_477,ES_439,961,1000,19283
3,Stream_955,ats,ES_478,ES_149,520,2000,15826
5,Stream_956,ats,ES_478,ES_31,984,2000,7976
4,Stream_957,ats,ES_479,ES_245,506,1000,1486
2,Stream_958,ats,ES_479,ES_3,663,2000,10298
7,Stream_959,ats,ES_480,ES_226,814,1000,8337
7,Stream_960,ats,ES_480,ES_147,911,2000,12879
2,Stream_961,ats,ES_481,ES_331,552,2000,10275
4,Stream_962,ats,ES_481,ES_486,952,2000,12991
6,Stream_963,ats,ES_482,ES_439,604,2000,14309
5,Stream_964,ats,ES_482,ES_13,580,2000,5276
3,Stream_965,ats,ES_483,ES_255,591,2000,12552
2,Stream_966,ats,ES_483,ES_317,898,2000,5420
2,Stream_967,ats,ES_484,ES_360,577,500,16632
3,Stream_968,ats,ES_484,ES_345,977,1000,8656
1,Stream_969,ats,ES_485,ES_254,585,1000,12629
0,Stream_970,ats,ES_485,ES_340,666,1000,12556
3,Stream_971,ats,ES_486,ES_113,936,500,6343
3,Stream_972,ats,ES_486,ES_112,875,2000,19015
5,Stream_973,ats,ES_487,ES_297,652,1000,10296
5,Stream_974,ats,ES_487,ES_168,946,500,8951
5,Stream_975,ats,ES_488,ES_176,790,500,10809
7,Stream_976,ats,ES_488,ES_136,917,2000,2938
0,Stream_977,ats,ES_489,ES_3,630,1000,5011
1,Stream_978,ats,ES_489,ES_272,676,500,10187
7,Stream_979,ats,ES_490,ES_135,806,500,19744
5,Stream_980,ats,ES_490,ES_1,650,1000,1988
6,Stream_981,ats,ES_491,ES_434,966,1000,13708
5,Stream_982,ats,ES_491,ES_388,964,500,3400
6,Stream_983,ats,ES_492,ES_442,939,500,4069
3,Stream_984,ats,ES_492,ES_507,551,500,14953
7,Stream_985,ats,ES_493,ES_154,654,500,5474
0,Stream_986,ats,ES_493,ES_471,833,500,1005
0,Stream_987,ats,ES_494,ES_506,977,2000,15283
0,Stream_988,ats,ES_494,ES_402,761,500,12423
6,Stream_989,ats,ES_495,ES_437,766,500,17499
7,Stream_990,ats,ES_495,ES_177,600,500,6266
6,Stream_991,ats,ES_496,ES_333,532,1000,1321
5,Stream_992,ats,ES_496,ES_124,824,2000,18983
0,Stream_993,ats,ES_497,ES_130,1000,2000,8762
0,Stream_994,ats,ES_497,ES_125,957,500,3482
2,Stream_995,ats,ES_498,ES_504,621,2000,16211
6,Stream_996,ats,ES_498,ES_484,646,1000,10186
2,Stream_997,ats,ES_499,ES_442,637,500,9398
6,Stream_998,ats,ES_499,ES_510,590,1000,2130
5,Stream_999,ats,ES_500,ES_401,530,2000,7119
5,Stream_1000,ats,ES_500,ES_337,618,1000,17712
7,Stream_1001,ats,ES_501,ES_258,961,2000,11746
2,Stream_1002,ats,ES_501,ES_464,753,2000,12271
7,Stream_1003,ats,ES_502,ES_122,619,2000,9332
0,Stream_1004,ats,ES_502,ES_253,676,500,12207
0,Stream_1005,ats,ES_503,ES_318,738,1000,16920
5,Stream_1006,ats,ES_503,ES_495,834,2000,16385
2,Stream_1007,ats,ES_504,ES_186,598,1000,3938
3,Stream_1008,ats,ES_504,ES_139,613,1000,1448
7,Stream_1009,ats,ES_505,ES_402,937,2000,6681
1,Stream_1010,ats,ES_505,ES_7,844,500,14011
2,Stream_1011,ats,ES_506,ES_380,700,1000,15943
3,Stream_1012,ats,ES_506,ES_206,589,1000,13394
0,Stream_1013,ats,ES_507,ES_294,595,1000,4474
1,Stream_1014,ats,ES_507,ES_321,786,2000,7658
4,Stream_1015,ats,ES_508,ES_147,881,1000,14637
1,Stream_1016,ats,ES_508,ES_144,517,1000,14270
7,Stream_1017,ats,ES_509,ES_345,746,1000,4864
2,Stream_1018,ats,ES_509,ES_504,897,500,19018
0,Stream_1019,ats,ES_510,ES_93,812,2000,9046
3,Stream_1020,ats,ES_510,ES_15,917,2000,13402
3,Stream_1021,ats,ES_511,ES_116,866,2000,17871
0,Stream_1022,ats,ES_511,ES_457,897,500,16469
0,Stream_1023,ats,ES_512,ES_125,745,2000,11967
6,Stream_1024,ats,ES_512,ES_480,821,2000,16132
