0,Stream_1,ats,ES_1,ES_206,516,500,3383
5,Stream_2,ats,ES_1,ES_906,532,500,11054
5,Stream_3,ats,ES_2,ES_453,929,1000,19949
4,Stream_4,ats,ES_2,ES_682,970,2000,13749
2,Stream_5,ats,ES_3,ES_573,866,1000,11818
2,Stream_6,ats,ES_3,ES_1022,502,1000,6541
4,Stream_7,ats,ES_4,ES_464,764,1000,3243
5,Stream_8,ats,ES_4,ES_187,843,1000,17138
6,Stream_9,ats,ES_5,ES_805,761,500,1497
5,Stream_10,ats,ES_5,ES_791,740,500,12540
3,Stream_11,ats,ES_6,ES_682,732,500,2525
3,Stream_12,ats,ES_6,ES_588,559,2000,13946
7,Stream_13,ats,ES_7,ES_145,729,500,2610
4,Stream_14,ats,ES_7,ES_118,508,1000,15626
1,Stream_15,ats,ES_8,ES_678,946,2000,11618
0,Stream_16,ats,ES_8,ES_225,882,2000,5963
1,Stream_17,ats,ES_9,ES_943,671,2000,17820
0,Stream_18,ats,ES_9,ES_891,723,500,13593
7,Stream_19,ats,ES_10,ES_222,527,2000,3107
7,Stream_20,ats,ES_10,ES_979,893,1000,9170
4,Stream_21,ats,ES_11,ES_222,727,500,2227
4,Stream_22,ats,ES_11,ES_472,964,500,9012
5,Stream_23,ats,ES_12,ES_780,803,500,8311
2,Stream_24,ats,ES_12,ES_128,575,500,19029
6,Stream_25,ats,ES_13,ES_784,666,1000,19091
5,Stream_26,ats,ES_13,ES_856,888,500,10254
7,Stream_27,ats,ES_14,ES_258,989,1000,5389
2,Stream_28,ats,ES_14,ES_709,541,500,2897
5,Stream_29,ats,ES_15,ES_278,572,1000,9091
7,Stream_30,ats,ES_15,ES_256,723,2000,17643
4,Stream_31,ats,ES_16,ES_881,796,500,3668
6,Stream_32,ats,ES_16,ES_512,720,500,6487
7,Stream_33,ats,ES_17,ES_576,741,1000,4152
4,Stream_34,ats,ES_17,ES_341,748,1000,14791
6,Stream_35,ats,ES_18,ES_477,970,500,5427
7,Stream_36,ats,ES_18,ES_64,565,2000,17400
5,Stream_37,ats,ES_19,ES_683,751,1000,14412
5,Stream_38,ats,ES_19,ES_216,599,500,18539
7,Stream_39,ats,ES_20,ES_575,825,2000,8627
0,Stream_40,ats,ES_20,ES_421,895,1000,8840
3,Stream_41,ats,ES_21,ES_835,560,500,17576
7,Stream_42,ats,ES_21,ES_145,805,1000,1464
1,Stream_43,ats,ES_22,ES_353,595,1000,4283
2,Stream_44,ats,ES_22,ES_478,829,2000,2945
4,Stream_45,ats,ES_23,ES_413,954,2000,19892
4,Stream_46,ats,ES_23,ES_234,896,2000,13072
4,Stream_47,ats,ES_24,ES_744,523,2000,4349
5,Stream_48,ats,ES_24,ES_462,635,1000,16684
5,Stream_49,ats,ES_25,ES_444,803,500,12936
1,Stream_50,ats,ES_25,ES_79,653,1000,14271
4,Stream_51,ats,ES_26,ES_289,555,2000,14419
5,Stream_52,ats,ES_26,ES_128,863,500,14363
3,Stream_53,ats,ES_27,ES_395,804,500,10724
1,Stream_54,ats,ES_27,ES_56,603,500,13574
6,Stream_55,ats,ES_28,ES_821,695,500,7489
7,Stream_56,ats,ES_28,ES_80,856,2000,17109
0,Stream_57,ats,ES_29,ES_914,610,2000,2003
3,Stream_58,ats,ES_29,ES_727,998,500,19365
0,Stream_59,ats,ES_30,ES_836,721,1000,17531
5,Stream_60,ats,ES_30,ES_980,609,500,16344
0,Stream_61,ats,ES_31,ES_598,947,1000,11669
7,Stream_62,ats,ES_31,ES_904,617,500,13083
0,Stream_63,ats,ES_32,ES_248,808,500,14423
1,Stream_64,ats,ES_32,ES_885,687,1000,7410
2,Stream_65,ats,ES_33,ES_150,582,1000,3161
1,Stream_66,ats,ES_33,ES_282,812,500,12884
3,Stream_67,ats,ES_34,ES_3,847,1000,3729
0,Stream_68,ats,ES_34,ES_792,674,500,11816
0,Stream_69,ats,ES_35,ES_747,948,2000,19088
0,Stream_70,ats,ES_35,ES_849,957,500,1482
4,Stream_71,ats,ES_36,ES_28,575,500,6379
0,Stream_72,ats,ES_36,ES_394,987,2000,12001
4,Stream_73,ats,ES_37,ES_57,798,500,13975
2,Stream_74,ats,ES_37,ES_462,925,500,6840
3,Stream_75,ats,ES_38,ES_881,675,2000,4274
2,Stream_76,ats,ES_38,ES_704,699,1000,8271
2,Stream_77,ats,ES_39,ES_258,808,1000,16208
4,Stream_78,ats,ES_39,ES_98,954,1000,18087
6,Stream_79,ats,ES_40,ES_17,882,1000,6251
1,Stream_80,ats,ES_40,ES_9,841,1000,14886
5,Stream_81,ats,ES_41,ES_627,671,500,19793
6,Stream_82,ats,ES_41,ES_445,877,1000,5301
2,Stream_83,ats,ES_42,ES_595,705,1000,6815
6,Stream_84,ats,ES_42,ES_150,766,500,19719
3,Stream_85,ats,ES_43,ES_122,752,2000,4840
0,Stream_86,ats,ES_43,ES_1016,989,500,17334
4,Stream_87,ats,ES_44,ES_434,843,500,19911
2,Stream_88,ats,ES_44,ES_535,641,500,18220
4,Stream_89,ats,ES_45,ES_924,561,2000,9200
7,Stream_90,ats,ES_45,ES_926,778,500,6566
7,Stream_91,ats,ES_46,ES_338,954,1000,5981
0,Stream_92,ats,ES_46,ES_490,706,1000,2581
2,Stream_93,ats,ES_47,ES_406,574,500,1262
3,Stream_94,ats,ES_47,ES_78,622,1000,1514
5,Stream_95,ats,ES_48,ES_475,554,2000,15166
3,Stream_96,ats,ES_48,ES_392,952,1000,18711
5,Stream_97,ats,ES_49,ES_360,805,2000,8938
7,Stream_98,ats,ES_49,ES_728,813,500,19294
1,Stream_99,ats,ES_50,ES_606,758,1000,10128
0,Stream_100,ats,ES_50,ES_926,735,1000,16885
7,Stream_101,ats,ES_51,ES_380,788,2000,14843
0,Stream_102,ats,ES_51,ES_364,558,2000,17010
0,Stream_103,ats,ES_52,ES_271,745,500,4356
5,Stream_104,ats,ES_52,ES_506,861,500,6548
1,Stream_105,ats,ES_53,ES_171,708,1000,6008
4,Stream_106,ats,ES_53,ES_744,703,500,3617
4,Stream_107,ats,ES_54,ES_34,925,500,12304
1,Stream_108,ats,ES_54,ES_833,902,1000,1786
1,Stream_109,ats,ES_55,ES_38,687,1000,7756
2,Stream_110,ats,ES_55,ES_645,784,1000,5461
0,Stream_111,ats,ES_56,ES_508,771,1000,11771
3,Stream_112,ats,ES_56,ES_167,861,500,8116
0,Stream_113,ats,ES_57,ES_1002,874,2000,14478
2,Stream_114,ats,ES_57,ES_603,879,500,7219
6,Stream_115,ats,ES_58,ES_892,552,500,11727
5,Stream_116,ats,ES_58,ES_923,884,2000,7070
5,Stream_117,ats,ES_59,ES_471,619,2000,9385
3,Stream_118,ats,ES_59,ES_1024,778,2000,8747
5,Stream_119,ats,ES_60,ES_234,552,1000,6678
5,Stream_120,ats,ES_60,ES_903,726,1000,7326
4,Stream_121,ats,ES_61,ES_784,760,500,7637
2,Stream_122,ats,ES_61,ES_254,546,1000,4115
1,Stream_123,ats,ES_62,ES_886,739,1000,1585
6,Stream_124,ats,ES_62,ES_89,792,1000,13420
6,Stream_125,ats,ES_63,ES_738,867,500,6151
0,Stream_126,ats,ES_63,ES_796,786,2000,16985
4,Stream_127,ats,ES_64,ES_320,852,500,3178
7,Stream_128,ats,ES_64,ES_545,799,2000,17328
7,Stream_129,ats,ES_65,ES_924,803,500,5233
1,Stream_130,ats,ES_65,ES_546,867,1000,19766
5,Stream_131,ats,ES_66,ES_101,666,500,14186
4,Stream_132,ats,ES_66,ES_299,800,500,7220
7,Stream_133,ats,ES_67,ES_708,851,500,2550
2,Stream_134,ats,ES_67,ES_445,676,1000,4443
2,Stream_135,ats,ES_68,ES_339,593,500,11617
1,Stream_136,ats,ES_68,ES_770,813,500,10132
3,Stream_137,ats,ES_69,ES_575,586,500,2504
4,Stream_138,ats,ES_69,ES_23,638,500,6284
5,Stream_139,ats,ES_70,ES_521,914,2000,14990
0,Stream_140,ats,ES_70,ES_605,818,1000,15645
2,Stream_141,ats,ES_71,ES_1009,638,500,19658
5,Stream_142,ats,ES_71,ES_419,616,2000,18568
1,Stream_143,ats,ES_72,ES_423,794,2000,18011
5,Stream_144,ats,ES_72,ES_411,608,500,10782
7,Stream_145,ats,ES_73,ES_415,705,500,15940
2,Stream_146,ats,ES_73,ES_554,815,2000,12013
4,Stream_147,ats,ES_74,ES_493,986,1000,13971
7,Stream_148,ats,ES_74,ES_183,519,1000,6693
5,Stream_149,ats,ES_75,ES_576,575,2000,18472
2,Stream_150,ats,ES_75,ES_869,765,2000,12992
4,Stream_151,ats,ES_76,ES_718,850,2000,6993
3,Stream_152,ats,ES_76,ES_1007,522,500,17790
3,Stream_153,ats,ES_77,ES_721,874,1000,18414
7,Stream_154,ats,ES_77,ES_1015,975,500,10461
4,Stream_155,ats,ES_78,ES_15,905,500,10170
7,Stream_156,ats,ES_78,ES_268,975,1000,2236
5,Stream_157,ats,ES_79,ES_420,736,2000,6934
7,Stream_158,ats,ES_79,ES_761,956,500,18064
5,Stream_159,ats,ES_80,ES_475,569,1000,13765
4,Stream_160,ats,ES_80,ES_72,638,1000,12168
7,Stream_161,ats,ES_81,ES_599,765,2000,12472
4,Stream_162,ats,ES_81,ES_609,599,500,10751
2,Stream_163,ats,ES_82,ES_162,668,1000,3400
4,Stream_164,ats,ES_82,ES_981,835,500,17078
1,Stream_165,ats,ES_83,ES_491,867,2000,9559
7,Stream_166,ats,ES_83,ES_53,755,2000,3422
5,Stream_167,ats,ES_84,ES_267,890,1000,19862
1,Stream_168,ats,ES_84,ES_103,954,500,1057
3,Stream_169,ats,ES_85,ES_79,740,1000,4379
3,Stream_170,ats,ES_85,ES_832,644,2000,3803
7,Stream_171,ats,ES_86,ES_194,510,2000,11849
2,Stream_172,ats,ES_86,ES_564,855,1000,16174
0,Stream_173,ats,ES_87,ES_405,710,1000,2301
4,Stream_174,ats,ES_87,ES_988,715,1000,19000
5,Stream_175,ats,ES_88,ES_300,978,1000,2894
0,Stream_176,ats,ES_88,ES_463,533,1000,15483
0,Stream_177,ats,ES_89,ES_734,565,2000,12336
6,Stream_178,ats,ES_89,ES_386,550,2000,10308
1,Stream_179,ats,ES_90,ES_416,783,500,18050
7,Stream_180,ats,ES_90,ES_475,729,2000,12428
1,Stream_181,ats,ES_91,ES_155,930,1000,19175
0,Stream_182,ats,ES_91,ES_205,500,500,12072
4,Stream_183,ats,ES_92,ES_573,727,2000,19221
5,Stream_184,ats,ES_92,ES_515,563,500,12232
1,Stream_185,ats,ES_93,ES_663,938,2000,4063
0,Stream_186,ats,ES_93,ES_515,750,500,13067
6,Stream_187,ats,ES_94,ES_638,513,1000,10952
7,Stream_188,ats,ES_94,ES_440,563,1000,3003
5,Stream_189,ats,ES_95,ES_591,910,500,10517
7,Stream_190,ats,ES_95,ES_220,853,2000,19752
6,Stream_191,ats,ES_96,ES_15,688,500,11916
5,Stream_192,ats,ES_96,ES_939,756,1000,6560
0,Stream_193,ats,ES_97,ES_899,795,1000,19989
7,Stream_194,ats,ES_97,ES_947,689,500,8129
3,Stream_195,ats,ES_98,ES_474,505,1000,3515
4,Stream_196,ats,ES_98,ES_965,796,500,17806
6,Stream_197,ats,ES_99,ES_875,937,500,15298
7,Stream_198,ats,ES_99,ES_425,695,500,8617
7,Stream_199,ats,ES_100,ES_283,943,500,10317
0,Stream_200,ats,ES_100,ES_690,791,1000,6853
7,Stream_201,ats,ES_101,ES_38,897,2000,15295
4,Stream_202,ats,ES_101,ES_625,815,500,13563
4,Stream_203,ats,ES_102,ES_533,530,1000,11767
5,Stream_204,ats,ES_102,ES_43,560,500,16138
2,Stream_205,ats,ES_103,ES_768,978,500,10505
0,Stream_206,ats,ES_103,ES_399,649,2000,15747
4,Stream_207,ats,ES_104,ES_157,895,500,8038
3,Stream_208,ats,ES_104,ES_680,793,2000,6030
3,Stream_209,ats,ES_105,ES_16,943,2000,13468
0,Stream_210,ats,ES_105,ES_935,612,2000,1693
5,Stream_211,ats,ES_106,ES_660,755,2000,13886
1,Stream_212,ats,ES_106,ES_930,735,2000,19674
5,Stream_213,ats,ES_107,ES_616,541,500,14967
0,Stream_214,ats,ES_107,ES_393,759,1000,4673
6,Stream_215,ats,ES_108,ES_926,551,500,15866
4,Stream_216,ats,ES_108,ES_140,616,2000,12540
4,Stream_217,ats,ES_109,ES_590,534,500,3879
5,Stream_218,ats,ES_109,ES_1008,756,2000,8823
2,Stream_219,ats,ES_110,ES_267,802,1000,10194
7,Stream_220,ats,ES_110,ES_914,723,1000,7538
6,Stream_221,ats,ES_111,ES_291,513,1000,19695
0,Stream_222,ats,ES_111,ES_87,636,500,3493
5,Stream_223,ats,ES_112,ES_524,622,1000,11205
1,Stream_224,ats,ES_112,ES_862,770,500,7799
4,Stream_225,ats,ES_113,ES_210,732,2000,5175
4,Stream_226,ats,ES_113,ES_341,904,500,16884
7,Stream_227,ats,ES_114,ES_361,952,500,12578
4,Stream_228,ats,ES_114,ES_818,977,1000,9476
1,Stream_229,ats,ES_115,ES_711,642,2000,12389
3,Stream_230,ats,ES_115,ES_186,946,1000,9165
1,Stream_231,ats,ES_116,ES_886,582,1000,18978
7,Stream_232,ats,ES_116,ES_614,930,2000,15782
4,Stream_233,ats,ES_117,ES_194,528,1000,1266
3,Stream_234,ats,ES_117,ES_536,840,1000,8241
7,Stream_235,ats,ES_118,ES_202,829,2000,11308
4,Stream_236,ats,ES_118,ES_513,552,1000,10656
4,Stream_237,ats,ES_119,ES_696,726,500,11803
1,Stream_238,ats,ES_119,ES_305,626,500,4883
0,Stream_239,ats,ES_120,ES_812,934,500,2758
3,Stream_240,ats,ES_120,ES_591,789,1000,16875
0,Stream_241,ats,ES_121,ES_332,735,2000,2925
4,Stream_242,ats,ES_121,ES_497,940,500,18422
6,Stream_243,ats,ES_122,ES_52,974,2000,10933
5,Stream_244,ats,ES_122,ES_845,714,500,5897
2,Stream_245,ats,ES_123,ES_514,727,2000,13485
0,Stream_246,ats,ES_123,ES_45,830,1000,12920
5,Stream_247,ats,ES_124,ES_644,904,1000,14023
4,Stream_248,ats,ES_124,ES_787,518,1000,4808
7,Stream_249,ats,ES_125,ES_226,903,500,16985
5,Stream_250,ats,ES_125,ES_292,994,1000,4041
2,Stream_251,ats,ES_126,ES_472,656,1000,5069
2,Stream_252,ats,ES_126,ES_252,565,1000,16323
2,Stream_253,ats,ES_127,ES_272,588,2000,8530
0,Stream_254,ats,ES_127,ES_175,675,2000,13454
2,Stream_255,ats,ES_128,ES_360,601,1000,19634
3,Stream_256,ats,ES_128,ES_466,858,500,10290
0,Stream_257,ats,ES_129,ES_35,816,2000,11671
7,Stream_258,ats,ES_129,ES_560,749,1000,3994
0,Stream_259,ats,ES_130,ES_369,716,2000,11723
3,Stream_260,ats,ES_130,ES_8,832,1000,11771
3,Stream_261,ats,ES_131,ES_803,886,2000,13836
4,Stream_262,ats,ES_131,ES_496,973,1000,8418
6,Stream_263,ats,ES_132,ES_232,536,500,19253
7,Stream_264,ats,ES_132,ES_641,899,2000,9908
3,Stream_265,ats,ES_133,ES_538,622,2000,3407
4,Stream_266,ats,ES_133,ES_989,892,1000,13972
0,Stream_267,ats,ES_134,ES_464,801,2000,18175
6,Stream_268,ats,ES_134,ES_440,569,2000,7116
5,Stream_269,ats,ES_135,ES_826,578,500,6440
0,Stream_270,ats,ES_135,ES_264,853,500,17901
0,Stream_271,ats,ES_136,ES_740,544,500,9949
6,Stream_272,ats,ES_136,ES_31,649,500,16132
0,Stream_273,ats,ES_137,ES_354,711,500,6291
4,Stream_274,ats,ES_137,ES_209,506,2000,19310
6,Stream_275,ats,ES_138,ES_487,914,1000,16063
4,Stream_276,ats,ES_138,ES_913,632,500,5171
2,Stream_277,ats,ES_139,ES_800,669,500,5396
7,Stream_278,ats,ES_139,ES_410,839,1000,10089
4,Stream_279,ats,ES_140,ES_762,842,500,9047
7,Stream_280,ats,ES_140,ES_981,621,1000,3310
4,Stream_281,ats,ES_141,ES_380,788,1000,14121
2,Stream_282,ats,ES_141,ES_669,964,1000,9230
1,Stream_283,ats,ES_142,ES_1004,883,1000,6569
5,Stream_284,ats,ES_142,ES_512,878,500,3094
1,Stream_285,ats,ES_143,ES_995,960,2000,9339
0,Stream_286,ats,ES_143,ES_163,711,500,17939
4,Stream_287,ats,ES_144,ES_857,664,500,6777
0,Stream_288,ats,ES_144,ES_156,544,500,14974
7,Stream_289,ats,ES_145,ES_317,884,500,3333
5,Stream_290,ats,ES_145,ES_906,530,1000,2315
5,Stream_291,ats,ES_146,ES_123,549,1000,19057
0,Stream_292,ats,ES_146,ES_11,614,2000,8181
0,Stream_293,ats,ES_147,ES_426,576,2000,15816
1,Stream_294,ats,ES_147,ES_827,719,1000,3702
0,Stream_295,ats,ES_148,ES_210,680,2000,13868
6,Stream_296,ats,ES_148,ES_565,954,500,17308
2,Stream_297,ats,ES_149,ES_425,785,1000,15548
5,Stream_298,ats,ES_149,ES_114,614,2000,3818
5,Stream_299,ats,ES_150,ES_78,536,1000,15338
4,Stream_300,ats,ES_150,ES_590,771,2000,4688
4,Stream_301,ats,ES_151,ES_625,739,500,18163
7,Stream_302,ats,ES_151,ES_844,519,2000,16960
1,Stream_303,ats,ES_152,ES_809,923,2000,16972
3,Stream_304,ats,ES_152,ES_920,700,500,3582
1,Stream_305,ats,ES_153,ES_735,973,500,9355
2,Stream_306,ats,ES_153,ES_853,940,2000,11151
7,Stream_307,ats,ES_154,ES_62,1000,1000,7264
1,Stream_308,ats,ES_154,ES_451,868,1000,2378
4,Stream_309,ats,ES_155,ES_633,708,2000,3370
0,Stream_310,ats,ES_155,ES_144,885,2000,6068
4,Stream_311,ats,ES_156,ES_131,927,1000,3153
0,Stream_312,ats,ES_156,ES_864,577,1000,7106
3,Stream_313,ats,ES_157,ES_397,878,2000,5256
2,Stream_314,ats,ES_157,ES_877,794,2000,5037
7,Stream_315,ats,ES_158,ES_144,653,2000,1664
6,Stream_316,ats,ES_158,ES_437,986,2000,12368
5,Stream_317,ats,ES_159,ES_824,741,500,13836
0,Stream_318,ats,ES_159,ES_977,594,500,9822
0,Stream_319,ats,ES_160,ES_442,961,1000,14778
3,Stream_320,ats,ES_160,ES_253,535,500,10425
3,Stream_321,ats,ES_161,ES_284,765,1000,9690
7,Stream_322,ats,ES_161,ES_7,716,500,11843
5,Stream_323,ats,ES_162,ES_979,851,1000,7872
4,Stream_324,ats,ES_162,ES_617,875,1000,4115
4,Stream_325,ats,ES_163,ES_780,710,500,11026
5,Stream_326,ats,ES_163,ES_907,724,2000,7849
7,Stream_327,ats,ES_164,ES_561,914,500,13615
3,Stream_328,ats,ES_164,ES_795,959,2000,15550
3,Stream_329,ats,ES_165,ES_698,852,1000,3263
2,Stream_330,ats,ES_165,ES_493,984,500,5935
5,Stream_331,ats,ES_166,ES_711,667,1000,15577
5,Stream_332,ats,ES_166,ES_488,943,2000,6368
1,Stream_333,ats,ES_167,ES_277,703,500,10730
4,Stream_334,ats,ES_167,ES_102,763,1000,11296
1,Stream_335,ats,ES_168,ES_598,565,2000,17898
3,Stream_336,ats,ES_168,ES_187,773,500,19845
6,Stream_337,ats,ES_169,ES_673,656,2000,3854
6,Stream_338,ats,ES_169,ES_46,648,1000,17489
6,Stream_339,ats,ES_170,ES_183,665,2000,4486
6,Stream_340,ats,ES_170,ES_650,861,2000,5187
1,Stream_341,ats,ES_171,ES_1015,744,2000,3387
7,Stream_342,ats,ES_171,ES_853,627,1000,8987
4,Stream_343,ats,ES_172,ES_635,860,500,12813
7,Stream_344,ats,ES_172,ES_216,947,1000,18558
0,Stream_345,ats,ES_173,ES_251,919,2000,9880
4,Stream_346,ats,ES_173,ES_197,607,2000,8737
3,Stream_347,ats,ES_174,ES_584,896,500,1687
5,Stream_348,ats,ES_174,ES_166,630,1000,15676
6,Stream_349,ats,ES_175,ES_934,809,1000,2848
3,Stream_350,ats,ES_175,ES_614,533,1000,12647
1,Stream_351,ats,ES_176,ES_2,559,500,4695
2,Stream_352,ats,ES_176,ES_965,792,500,13513
6,Stream_353,ats,ES_177,ES_529,832,1000,19921
1,Stream_354,ats,ES_177,ES_591,759,2000,17690
6,Stream_355,ats,ES_178,ES_516,514,1000,19433
1,Stream_356,ats,ES_178,ES_58,557,500,13506
2,Stream_357,ats,ES_179,ES_561,574,500,3390
5,Stream_358,ats,ES_179,ES_864,743,1000,2043
2,Stream_359,ats,ES_180,ES_401,518,500,12958
3,Stream_360,ats,ES_180,ES_582,987,500,10825
5,Stream_361,ats,ES_181,ES_1018,598,2000,4141
6,Stream_362,ats,ES_181,ES_151,756,2000,1421
4,Stream_363,ats,ES_182,ES_86,874,1000,15240
7,Stream_364,ats,ES_182,ES_693,912,1000,19950
5,Stream_365,ats,ES_183,ES_49,904,500,6365
4,Stream_366,ats,ES_183,ES_29,986,1000,8423
1,Stream_367,ats,ES_184,ES_551,985,2000,17155
5,Stream_368,ats,ES_184,ES_292,628,2000,6202
5,Stream_369,ats,ES_185,ES_687,830,1000,9780
1,Stream_370,ats,ES_185,ES_998,722,2000,8658
5,Stream_371,ats,ES_186,ES_103,627,2000,5834
7,Stream_372,ats,ES_186,ES_118,631,1000,10526
7,Stream_373,ats,ES_187,ES_470,804,2000,15112
3,Stream_374,ats,ES_187,ES_861,812,2000,5133
4,Stream_375,ats,ES_188,ES_875,665,1000,15496
6,Stream_376,ats,ES_188,ES_412,545,500,7488
6,Stream_377,ats,ES_189,ES_507,601,500,15995
1,Stream_378,ats,ES_189,ES_394,610,1000,18433
1,Stream_379,ats,ES_190,ES_337,588,1000,6039
2,Stream_380,ats,ES_190,ES_210,782,2000,16903
3,Stream_381,ats,ES_191,ES_238,979,2000,16886
1,Stream_382,ats,ES_191,ES_441,768,500,1116
2,Stream_383,ats,ES_192,ES_50,651,1000,17473
4,Stream_384,ats,ES_192,ES_190,745,500,3566
6,Stream_385,ats,ES_193,ES_151,608,1000,16895
0,Stream_386,ats,ES_193,ES_993,839,1000,4783
1,Stream_387,ats,ES_194,ES_413,785,2000,11481
1,Stream_388,ats,ES_194,ES_129,664,1000,7702
0,Stream_389,ats,ES_195,ES_127,617,2000,8003
6,Stream_390,ats,ES_195,ES_161,531,500,17458
6,Stream_391,ats,ES_196,ES_723,836,1000,3584
0,Stream_392,ats,ES_196,ES_949,846,2000,14366
1,Stream_393,ats,ES_197,ES_255,995,2000,18131
3,Stream_394,ats,ES_197,ES_861,655,500,10250
4,Stream_395,ats,ES_198,ES_844,897,1000,6115
1,Stream_396,ats,ES_198,ES_148,826,2000,1925
7,Stream_397,ats,ES_199,ES_273,739,2000,14728
0,Stream_398,ats,ES_199,ES_492,780,1000,18666
7,Stream_399,ats,ES_200,ES_694,576,1000,13024
6,Stream_400,ats,ES_200,ES_717,560,2000,12097
1,Stream_401,ats,ES_201,ES_133,940,500,5951
4,Stream_402,ats,ES_201,ES_958,948,500,6026
7,Stream_403,ats,ES_202,ES_488,963,1000,15739
2,Stream_404,ats,ES_202,ES_421,680,1000,13455
4,Stream_405,ats,ES_203,ES_257,674,2000,12917
1,Stream_406,ats,ES_203,ES_577,630,500,14166
2,Stream_407,ats,ES_204,ES_179,986,500,3304
4,Stream_408,ats,ES_204,ES_932,638,1000,10310
6,Stream_409,ats,ES_205,ES_16,958,500,14078
2,Stream_410,ats,ES_205,ES_690,874,1000,16646
0,Stream_411,ats,ES_206,ES_917,738,500,5591
0,Stream_412,ats,ES_206,ES_369,574,500,1371
4,Stream_413,ats,ES_207,ES_435,523,2000,13948
4,Stream_414,ats,ES_207,ES_169,673,1000,9825
1,Stream_415,ats,ES_208,ES_309,840,2000,4686
7,Stream_416,ats,ES_208,ES_511,784,2000,12758
7,Stream_417,ats,ES_209,ES_797,577,2000,17701
7,Stream_418,ats,ES_209,ES_436,561,500,10508
1,Stream_419,ats,ES_210,ES_953,947,1000,5576
4,Stream_420,ats,ES_210,ES_394,888,2000,12839
0,Stream_421,ats,ES_211,ES_355,518,500,16845
6,Stream_422,ats,ES_211,ES_550,970,500,3473
0,Stream_423,ats,ES_212,ES_586,829,1000,7743
7,Stream_424,ats,ES_212,ES_910,879,500,10922
4,Stream_425,ats,ES_213,ES_343,742,1000,11069
5,Stream_426,ats,ES_213,ES_71,638,500,13340
5,Stream_427,ats,ES_214,ES_837,970,2000,2192
3,Stream_428,ats,ES_214,ES_550,892,2000,11315
6,Stream_429,ats,ES_215,ES_290,954,1000,6860
6,Stream_430,ats,ES_215,ES_726,561,1000,9037
3,Stream_431,ats,ES_216,ES_411,751,500,11723
3,Stream_432,ats,ES_216,ES_986,526,1000,13340
1,Stream_433,ats,ES_217,ES_92,569,1000,3275
0,Stream_434,ats,ES_217,ES_95,693,1000,4482
3,Stream_435,ats,ES_218,ES_408,509,2000,3279
1,Stream_436,ats,ES_218,ES_125,555,1000,9224
5,Stream_437,ats,ES_219,ES_282,559,1000,12916
3,Stream_438,ats,ES_219,ES_525,950,500,4730
1,Stream_439,ats,ES_220,ES_243,813,500,18549
5,Stream_440,ats,ES_220,ES_649,575,1000,13160
5,Stream_441,ats,ES_221,ES_799,691,500,16534
0,Stream_442,ats,ES_221,ES_9,972,2000,9456
5,Stream_443,ats,ES_222,ES_510,625,2000,17006
1,Stream_444,ats,ES_222,ES_789,943,500,10960
3,Stream_445,ats,ES_223,ES_737,762,2000,13385
6,Stream_446,ats,ES_223,ES_371,713,2000,13426
1,Stream_447,ats,ES_224,ES_1016,524,1000,1829
7,Stream_448,ats,ES_224,ES_862,522,2000,1069
1,Stream_449,ats,ES_225,ES_885,767,1000,12876
4,Stream_450,ats,ES_225,ES_723,706,1000,13962
3,Stream_451,ats,ES_226,ES_36,510,2000,16888
4,Stream_452,ats,ES_226,ES_645,837,500,14947
6,Stream_453,ats,ES_227,ES_130,592,500,6776
4,Stream_454,ats,ES_227,ES_214,531,500,2299
6,Stream_455,ats,ES_228,ES_287,610,1000,17543
1,Stream_456,ats,ES_228,ES_179,547,500,15698
1,Stream_457,ats,ES_229,ES_82,834,2000,19827
7,Stream_458,ats,ES_229,ES_981,562,2000,10677
6,Stream_459,ats,ES_230,ES_971,554,500,16923
3,Stream_460,ats,ES_230,ES_635,726,1000,5436
3,Stream_461,ats,ES_231,ES_699,643,2000,15276
2,Stream_462,ats,ES_231,ES_704,627,500,4815
7,Stream_463,ats,ES_232,ES_325,880,2000,13499
0,Stream_464,ats,ES_232,ES_288,765,500,9904
4,Stream_465,ats,ES_233,ES_547,568,2000,18183
6,Stream_466,ats,ES_233,ES_172,834,1000,17897
6,Stream_467,ats,ES_234,ES_633,962,1000,1896
0,Stream_468,ats,ES_234,ES_441,624,2000,16954
3,Stream_469,ats,ES_235,ES_600,905,500,1798
6,Stream_470,ats,ES_235,ES_658,810,500,17948
2,Stream_471,ats,ES_236,ES_727,524,2000,19271
1,Stream_472,ats,ES_236,ES_502,894,1000,14768
5,Stream_473,ats,ES_237,ES_1020,771,2000,14701
4,Stream_474,ats,ES_237,ES_664,949,2000,18185
6,Stream_475,ats,ES_238,ES_52,630,2000,10195
4,Stream_476,ats,ES_238,ES_786,824,2000,9759
3,Stream_477,ats,ES_239,ES_523,622,2000,4255
2,Stream_478,ats,ES_239,ES_881,504,500,15252
4,Stream_479,ats,ES_240,ES_229,738,1000,8579
5,Stream_480,ats,ES_240,ES_587,593,1000,3291
7,Stream_481,ats,ES_241,ES_16,649,2000,9917
3,Stream_482,ats,ES_241,ES_725,842,500,8672
7,Stream_483,ats,ES_242,ES_947,777,2000,10648
5,Stream_484,ats,ES_242,ES_648,977,1000,3865
2,Stream_485,ats,ES_243,ES_291,997,1000,1374
7,Stream_486,ats,ES_243,ES_909,506,2000,4362
4,Stream_487,ats,ES_244,ES_367,945,1000,9844
2,Stream_488,ats,ES_244,ES_1013,632,1000,14631
0,Stream_489,ats,ES_245,ES_395,718,500,10491
1,Stream_490,ats,ES_245,ES_51,647,500,9927
2,Stream_491,ats,ES_246,ES_992,662,2000,6860
4,Stream_492,ats,ES_246,ES_495,744,500,3076
3,Stream_493,ats,ES_247,ES_876,899,1000,8940
4,Stream_494,ats,ES_247,ES_51,657,2000,16805
0,Stream_495,ats,ES_248,ES_338,731,2000,12795
0,Stream_496,ats,ES_248,ES_652,684,500,5691
6,Stream_497,ats,ES_249,ES_548,971,500,6222
1,Stream_498,ats,ES_249,ES_19,672,500,13927
3,Stream_499,ats,ES_250,ES_168,746,1000,4689
0,Stream_500,ats,ES_250,ES_279,646,1000,16440
4,Stream_501,ats,ES_251,ES_525,886,500,9491
5,Stream_502,ats,ES_251,ES_977,780,2000,12149
1,Stream_503,ats,ES_252,ES_839,700,1000,11018
2,Stream_504,ats,ES_252,ES_331,787,2000,19151
0,Stream_505,ats,ES_253,ES_753,728,500,3167
0,Stream_506,ats,ES_253,ES_951,706,1000,13880
5,Stream_507,ats,ES_254,ES_692,610,1000,18730
2,Stream_508,ats,ES_254,ES_1004,698,500,5287
3,Stream_509,ats,ES_255,ES_540,715,1000,12313
7,Stream_510,ats,ES_255,ES_1021,903,500,14354
0,Stream_511,ats,ES_256,ES_241,528,500,5178
2,Stream_512,ats,ES_256,ES_361,898,2000,7735
3,Stream_513,ats,ES_257,ES_620,990,1000,5741
1,Stream_514,ats,ES_257,ES_638,911,500,9371
2,Stream_515,ats,ES_258,ES_888,550,2000,18624
3,Stream_516,ats,ES_258,ES_654,689,500,5348
5,Stream_517,ats,ES_259,ES_993,956,2000,17052
6,Stream_518,ats,ES_259,ES_701,547,2000,19015
1,Stream_519,ats,ES_260,ES_760,794,1000,8494
1,Stream_520,ats,ES_260,ES_789,912,500,17640
1,Stream_521,ats,ES_261,ES_525,880,1000,1989
7,Stream_522,ats,ES_261,ES_770,822,1000,11465
4,Stream_523,ats,ES_262,ES_814,873,1000,13960
6,Stream_524,ats,ES_262,ES_784,850,1000,5259
5,Stream_525,ats,ES_263,ES_71,878,1000,10936
5,Stream_526,ats,ES_263,ES_519,638,500,19937
1,Stream_527,ats,ES_264,ES_937,945,1000,3253
1,Stream_528,ats,ES_264,ES_1021,771,500,16533
5,Stream_529,ats,ES_265,ES_752,737,500,6105
6,Stream_530,ats,ES_265,ES_875,626,1000,7069
0,Stream_531,ats,ES_266,ES_225,761,2000,7428
7,Stream_532,ats,ES_266,ES_975,883,2000,11288
0,Stream_533,ats,ES_267,ES_5,808,1000,15238
3,Stream_534,ats,ES_267,ES_905,563,1000,3570
1,Stream_535,ats,ES_268,ES_967,784,1000,16765
6,Stream_536,ats,ES_268,ES_791,993,1000,2824
5,Stream_537,ats,ES_269,ES_367,753,500,6450
0,Stream_538,ats,ES_269,ES_944,512,500,18223
4,Stream_539,ats,ES_270,ES_964,647,1000,15286
6,Stream_540,ats,ES_270,ES_687,980,1000,4826
1,Stream_541,ats,ES_271,ES_761,959,500,13406
5,Stream_542,ats,ES_271,ES_359,686,1000,2577
7,Stream_543,ats,ES_272,ES_205,656,500,16460
2,Stream_544,ats,ES_272,ES_41,620,500,12908
1,Stream_545,ats,ES_273,ES_583,823,1000,1220
6,Stream_546,ats,ES_273,ES_936,670,2000,15642
5,Stream_547,ats,ES_274,ES_756,605,2000,15251
3,Stream_548,ats,ES_274,ES_639,835,500,5537
2,Stream_549,ats,ES_275,ES_629,755,500,19508
6,Stream_550,ats,ES_275,ES_923,822,1000,14469
2,Stream_551,ats,ES_276,ES_769,882,1000,19271
3,Stream_552,ats,ES_276,ES_212,811,2000,8441
3,Stream_553,ats,ES_277,ES_69,722,2000,8657
1,Stream_554,ats,ES_277,ES_443,619,1000,18628
6,Stream_555,ats,ES_278,ES_528,860,1000,4443
0,Stream_556,ats,ES_278,ES_776,776,2000,2279
4,Stream_557,ats,ES_279,ES_347,625,2000,11143
6,Stream_558,ats,ES_279,ES_272,917,1000,12483
2,Stream_559,ats,ES_280,ES_346,904,500,14422
6,Stream_560,ats,ES_280,ES_441,656,1000,19731
1,Stream_561,ats,ES_281,ES_419,743,1000,5452
6,Stream_562,ats,ES_281,ES_12,869,500,6266
1,Stream_563,ats,ES_282,ES_490,550,1000,14703
4,Stream_564,ats,ES_282,ES_233,511,500,12425
1,Stream_565,ats,ES_283,ES_302,920,2000,18767
4,Stream_566,ats,ES_283,ES_328,906,500,3714
7,Stream_567,ats,ES_284,ES_257,552,500,7765
2,Stream_568,ats,ES_284,ES_504,752,1000,4163
5,Stream_569,ats,ES_285,ES_314,722,1000,11165
3,Stream_570,ats,ES_285,ES_519,526,1000,16360
0,Stream_571,ats,ES_286,ES_323,534,500,2762
0,Stream_572,ats,ES_286,ES_614,966,1000,9777
5,Stream_573,ats,ES_287,ES_141,881,2000,2318
4,Stream_574,ats,ES_287,ES_663,950,2000,2113
2,Stream_575,ats,ES_288,ES_99,828,1000,10125
2,Stream_576,ats,ES_288,ES_13,925,500,7671
3,Stream_577,ats,ES_289,ES_566,624,2000,5165
2,Stream_578,ats,ES_289,ES_1023,916,1000,11135
6,Stream_579,ats,ES_290,ES_980,600,500,11382
7,Stream_580,ats,ES_290,ES_582,614,2000,1684
6,Stream_581,ats,ES_291,ES_768,579,1000,11548
3,Stream_582,ats,ES_291,ES_421,617,1000,12148
7,Stream_583,ats,ES_292,ES_690,833,1000,3615
2,Stream_584,ats,ES_292,ES_231,851,500,16834
6,Stream_585,ats,ES_293,ES_790,905,2000,16391
1,Stream_586,ats,ES_293,ES_169,525,500,19484
1,Stream_587,ats,ES_294,ES_760,974,1000,18208
5,Stream_588,ats,ES_294,ES_114,960,2000,1878
7,Stream_589,ats,ES_295,ES_827,573,1000,5038
3,Stream_590,ats,ES_295,ES_182,716,1000,18757
3,Stream_591,ats,ES_296,ES_623,866,1000,17297
4,Stream_592,ats,ES_296,ES_369,899,2000,10160
3,Stream_593,ats,ES_297,ES_597,901,2000,17536
5,Stream_594,ats,ES_297,ES_661,643,500,4612
5,Stream_595,ats,ES_298,ES_625,888,2000,7209
6,Stream_596,ats,ES_298,ES_572,544,500,2853
1,Stream_597,ats,ES_299,ES_494,605,1000,15346
0,Stream_598,ats,ES_299,ES_866,608,1000,8539
4,Stream_599,ats,ES_300,ES_717,743,500,14225
0,Stream_600,ats,ES_300,ES_940,743,1000,1917
4,Stream_601,ats,ES_301,ES_781,734,500,5901
4,Stream_602,ats,ES_301,ES_145,614,2000,10771
0,Stream_603,ats,ES_302,ES_337,649,500,16889
6,Stream_604,ats,ES_302,ES_380,752,1000,18621
3,Stream_605,ats,ES_303,ES_366,624,1000,3490
0,Stream_606,ats,ES_303,ES_769,587,500,16985
4,Stream_607,ats,ES_304,ES_72,747,2000,5166
0,Stream_608,ats,ES_304,ES_194,667,500,1147
6,Stream_609,ats,ES_305,ES_712,892,1000,11403
7,Stream_610,ats,ES_305,ES_175,951,2000,6574
6,Stream_611,ats,ES_306,ES_710,889,1000,19991
5,Stream_612,ats,ES_306,ES_162,599,1000,19436
4,Stream_613,ats,ES_307,ES_901,830,500,16215
5,Stream_614,ats,ES_307,ES_743,523,2000,6283
3,Stream_615,ats,ES_308,ES_34,911,1000,3837
1,Stream_616,ats,ES_308,ES_33,987,1000,5129
3,Stream_617,ats,ES_309,ES_565,984,1000,6348
4,Stream_618,ats,ES_309,ES_760,984,500,8825
2,Stream_619,ats,ES_310,ES_200,894,2000,7522
6,Stream_620,ats,ES_310,ES_182,867,1000,6640
1,Stream_621,ats,ES_311,ES_860,759,1000,6574
6,Stream_622,ats,ES_311,ES_820,843,2000,13758
7,Stream_623,ats,ES_312,ES_723,962,500,14650
2,Stream_624,ats,ES_312,ES_951,836,500,12162
4,Stream_625,ats,ES_313,ES_423,639,1000,11454
5,Stream_626,ats,ES_313,ES_334,729,1000,17153
0,Stream_627,ats,ES_314,ES_40,767,2000,4114
2,Stream_628,ats,ES_314,ES_20,842,1000,11920
1,Stream_629,ats,ES_315,ES_782,993,2000,7054
4,Stream_630,ats,ES_315,ES_785,604,1000,19982
6,Stream_631,ats,ES_316,ES_168,612,500,2782
0,Stream_632,ats,ES_316,ES_910,968,2000,10633
2,Stream_633,ats,ES_317,ES_89,866,1000,6314
6,Stream_634,ats,ES_317,ES_847,997,1000,8817
2,Stream_635,ats,ES_318,ES_856,894,2000,5428
3,Stream_636,ats,ES_318,ES_499,853,2000,13107
4,Stream_637,ats,ES_319,ES_949,819,2000,5948
3,Stream_638,ats,ES_319,ES_993,508,500,4892
3,Stream_639,ats,ES_320,ES_875,915,1000,4358
7,Stream_640,ats,ES_320,ES_927,619,2000,3557
6,Stream_641,ats,ES_321,ES_529,814,2000,15744
3,Stream_642,ats,ES_321,ES_932,651,1000,2356
0,Stream_643,ats,ES_322,ES_756,727,1000,17233
2,Stream_644,ats,ES_322,ES_1012,623,2000,19307
6,Stream_645,ats,ES_323,ES_80,1000,500,5774
2,Stream_646,ats,ES_323,ES_210,798,500,16488
0,Stream_647,ats,ES_324,ES_328,911,1000,16171
4,Stream_648,ats,ES_324,ES_995,592,1000,16894
5,Stream_649,ats,ES_325,ES_1003,724,2000,6451
1,Stream_650,ats,ES_325,ES_935,896,500,10218
0,Stream_651,ats,ES_326,ES_256,590,500,5010
5,Stream_652,ats,ES_326,ES_261,832,500,14203
5,Stream_653,ats,ES_327,ES_502,582,500,12162
2,Stream_654,ats,ES_327,ES_87,688,2000,17377
0,Stream_655,ats,ES_328,ES_371,806,500,7983
7,Stream_656,ats,ES_328,ES_6,668,1000,6836
1,Stream_657,ats,ES_329,ES_769,584,2000,4320
5,Stream_658,ats,ES_329,ES_42,534,1000,19017
6,Stream_659,ats,ES_330,ES_790,887,2000,12836
2,Stream_660,ats,ES_330,ES_732,960,500,16588
4,Stream_661,ats,ES_331,ES_411,694,500,19927
2,Stream_662,ats,ES_331,ES_917,985,2000,4254
5,Stream_663,ats,ES_332,ES_557,524,1000,3707
2,Stream_664,ats,ES_332,ES_21,525,500,12311
5,Stream_665,ats,ES_333,ES_444,955,1000,19846
2,Stream_666,ats,ES_333,ES_579,826,1000,14399
0,Stream_667,ats,ES_334,ES_558,605,1000,6546
1,Stream_668,ats,ES_334,ES_877,786,2000,4466
7,Stream_669,ats,ES_335,ES_708,625,500,2350
2,Stream_670,ats,ES_335,ES_868,729,500,4596
6,Stream_671,ats,ES_336,ES_748,545,1000,17008
2,Stream_672,ats,ES_336,ES_950,870,2000,18486
7,Stream_673,ats,ES_337,ES_755,500,1000,12112
4,Stream_674,ats,ES_337,ES_206,600,500,9376
1,Stream_675,ats,ES_338,ES_687,929,2000,5839
2,Stream_676,ats,ES_338,ES_614,597,1000,9197
7,Stream_677,ats,ES_339,ES_785,504,2000,19550
0,Stream_678,ats,ES_339,ES_441,774,1000,9183
0,Stream_679,ats,ES_340,ES_281,527,500,10943
0,Stream_680,ats,ES_340,ES_544,919,500,14522
2,Stream_681,ats,ES_341,ES_508,792,1000,19047
2,Stream_682,ats,ES_341,ES_314,886,1000,2164
0,Stream_683,ats,ES_342,ES_313,837,500,6690
3,Stream_684,ats,ES_342,ES_817,858,2000,14650
5,Stream_685,ats,ES_343,ES_166,774,1000,8143
1,Stream_686,ats,ES_343,ES_874,834,1000,12708
0,Stream_687,ats,ES_344,ES_161,700,1000,4153
0,Stream_688,ats,ES_344,ES_797,869,1000,19498
4,Stream_689,ats,ES_345,ES_333,668,500,11818
7,Stream_690,ats,ES_345,ES_762,867,500,18040
2,Stream_691,ats,ES_346,ES_476,521,500,8121
6,Stream_692,ats,ES_346,ES_1016,666,500,8090
4,Stream_693,ats,ES_347,ES_377,879,1000,2739
6,Stream_694,ats,ES_347,ES_171,830,1000,5636
4,Stream_695,ats,ES_348,ES_988,888,2000,12644
2,Stream_696,ats,ES_348,ES_13,766,1000,12676
4,Stream_697,ats,ES_349,ES_75,697,2000,6698
2,Stream_698,ats,ES_349,ES_492,785,1000,18310
7,Stream_699,ats,ES_350,ES_182,868,2000,5073
0,Stream_700,ats,ES_350,ES_631,741,500,18991
5,Stream_701,ats,ES_351,ES_354,796,2000,7739
3,Stream_702,ats,ES_351,ES_969,865,500,1198
5,Stream_703,ats,ES_352,ES_712,564,500,2301
7,Stream_704,ats,ES_352,ES_273,503,1000,12010
4,Stream_705,ats,ES_353,ES_1022,567,2000,7977
4,Stream_706,ats,ES_353,ES_70,754,1000,6942
3,Stream_707,ats,ES_354,ES_5,579,500,14780
0,Stream_708,ats,ES_354,ES_650,840,500,15240
2,Stream_709,ats,ES_355,ES_334,762,1000,3079
2,Stream_710,ats,ES_355,ES_943,955,2000,1033
0,Stream_711,ats,ES_356,ES_1005,997,2000,18287
4,Stream_712,ats,ES_356,ES_338,540,2000,9337
7,Stream_713,ats,ES_357,ES_294,623,500,15262
0,Stream_714,ats,ES_357,ES_454,676,500,7034
1,Stream_715,ats,ES_358,ES_504,622,1000,3856
3,Stream_716,ats,ES_358,ES_650,624,500,16170
5,Stream_717,ats,ES_359,ES_643,934,500,13037
5,Stream_718,ats,ES_359,ES_96,555,1000,19799
2,Stream_719,ats,ES_360,ES_304,705,2000,3125
3,Stream_720,ats,ES_360,ES_377,691,2000,18494
5,Stream_721,ats,ES_361,ES_269,705,2000,14797
0,Stream_722,ats,ES_361,ES_834,738,1000,14846
6,Stream_723,ats,ES_362,ES_938,923,500,10042
6,Stream_724,ats,ES_362,ES_107,721,500,5333
7,Stream_725,ats,ES_363,ES_225,668,1000,17146
0,Stream_726,ats,ES_363,ES_737,844,500,10812
1,Stream_727,ats,ES_364,ES_641,538,2000,16357
3,Stream_728,ats,ES_364,ES_699,964,1000,16023
5,Stream_729,ats,ES_365,ES_996,804,500,14356
3,Stream_730,ats,ES_365,ES_222,767,1000,5016
5,Stream_731,ats,ES_366,ES_139,840,1000,4549
2,Stream_732,ats,ES_366,ES_388,547,2000,10307
3,Stream_733,ats,ES_367,ES_786,505,500,18245
3,Stream_734,ats,ES_367,ES_540,940,1000,18361
3,Stream_735,ats,ES_368,ES_813,992,2000,18022
6,Stream_736,ats,ES_368,ES_835,819,2000,17223
5,Stream_737,ats,ES_369,ES_941,991,1000,19864
1,Stream_738,ats,ES_369,ES_841,629,2000,4046
2,Stream_739,ats,ES_370,ES_846,650,2000,18548
1,Stream_740,ats,ES_370,ES_69,951,2000,9268
2,Stream_741,ats,ES_371,ES_257,897,2000,13601
2,Stream_742,ats,ES_371,ES_681,670,1000,18018
2,Stream_743,ats,ES_372,ES_633,813,500,10797
6,Stream_744,ats,ES_372,ES_810,631,2000,18928
7,Stream_745,ats,ES_373,ES_277,518,500,19170
5,Stream_746,ats,ES_373,ES_433,781,500,4379
5,Stream_747,ats,ES_374,ES_282,856,1000,16046
1,Stream_748,ats,ES_374,ES_837,806,1000,4083
2,Stream_749,ats,ES_375,ES_922,859,1000,3914
5,Stream_750,ats,ES_375,ES_160,800,2000,15598
7,Stream_751,ats,ES_376,ES_546,770,500,6554
1,Stream_752,ats,ES_376,ES_636,660,1000,10833
1,Stream_753,ats,ES_377,ES_232,616,2000,9175
5,Stream_754,ats,ES_377,ES_1019,762,1000,5542
5,Stream_755,ats,ES_378,ES_560,623,500,16595
4,Stream_756,ats,ES_378,ES_380,649,500,8011
4,Stream_757,ats,ES_379,ES_848,680,500,13240
2,Stream_758,ats,ES_379,ES_554,839,500,17622
1,Stream_759,ats,ES_380,ES_973,730,1000,2232
5,Stream_760,ats,ES_380,ES_666,805,500,6291
3,Stream_761,ats,ES_381,ES_95,837,2000,13637
3,Stream_762,ats,ES_381,ES_713,905,2000,14013
1,Stream_763,ats,ES_382,ES_234,566,2000,6981
4,Stream_764,ats,ES_382,ES_227,647,1000,6327
0,Stream_765,ats,ES_383,ES_6,917,1000,1134
3,Stream_766,ats,ES_383,ES_246,686,1000,15553
0,Stream_767,ats,ES_384,ES_3,765,500,16800
7,Stream_768,ats,ES_384,ES_335,609,500,5741
4,Stream_769,ats,ES_385,ES_643,628,1000,10446
2,Stream_770,ats,ES_385,ES_241,889,500,8610
4,Stream_771,ats,ES_386,ES_224,953,500,8211
4,Stream_772,ats,ES_386,ES_971,934,500,19911
7,Stream_773,ats,ES_387,ES_327,799,500,16321
2,Stream_774,ats,ES_387,ES_311,988,500,16878
3,Stream_775,ats,ES_388,ES_914,735,1000,13859
2,Stream_776,ats,ES_388,ES_448,846,500,10446
6,Stream_777,ats,ES_389,ES_395,582,2000,3992
6,Stream_778,ats,ES_389,ES_228,505,500,13882
6,Stream_779,ats,ES_390,ES_635,791,2000,14505
3,Stream_780,ats,ES_390,ES_947,1000,1000,4219
0,Stream_781,ats,ES_391,ES_7,743,500,5660
7,Stream_782,ats,ES_391,ES_225,911,1000,13751
3,Stream_783,ats,ES_392,ES_834,879,1000,19951
3,Stream_784,ats,ES_392,ES_857,629,2000,2977
2,Stream_785,ats,ES_393,ES_653,504,1000,4742
5,Stream_786,ats,ES_393,ES_301,780,1000,2562
6,Stream_787,ats,ES_394,ES_973,680,1000,18403
6,Stream_788,ats,ES_394,ES_21,754,500,12566
7,Stream_789,ats,ES_395,ES_855,774,500,5567
7,Stream_790,ats,ES_395,ES_620,994,1000,6384
1,Stream_791,ats,ES_396,ES_668,718,2000,6121
1,Stream_792,ats,ES_396,ES_748,925,2000,3109
3,Stream_793,ats,ES_397,ES_116,863,2000,10378
1,Stream_794,ats,ES_397,ES_862,939,1000,6962
3,Stream_795,ats,ES_398,ES_99,712,500,9959
4,Stream_796,ats,ES_398,ES_499,892,1000,15874
2,Stream_797,ats,ES_399,ES_336,587,1000,16386
1,Stream_798,ats,ES_399,ES_731,764,500,15182
5,Stream_799,ats,ES_400,ES_769,560,500,5757
7,Stream_800,ats,ES_400,ES_643,595,2000,10452
1,Stream_801,ats,ES_401,ES_856,609,500,18782
7,Stream_802,ats,ES_401,ES_603,612,1000,14544
3,Stream_803,ats,ES_402,ES_268,788,1000,6961
2,Stream_804,ats,ES_402,ES_556,744,1000,10606
5,Stream_805,ats,ES_403,ES_225,776,1000,8619
5,Stream_806,ats,ES_403,ES_383,603,2000,12549
0,Stream_807,ats,ES_404,ES_149,503,500,13880
4,Stream_808,ats,ES_404,ES_871,888,1000,3754
3,Stream_809,ats,ES_405,ES_475,662,500,1119
4,Stream_810,ats,ES_405,ES_313,879,1000,12918
4,Stream_811,ats,ES_406,ES_187,720,1000,4238
6,Stream_812,ats,ES_406,ES_464,505,2000,8476
6,Stream_813,ats,ES_407,ES_651,755,1000,2064
1,Stream_814,ats,ES_407,ES_999,998,500,10449
1,Stream_815,ats,ES_408,ES_986,540,500,19161
4,Stream_816,ats,ES_408,ES_683,730,2000,17758
1,Stream_817,ats,ES_409,ES_961,659,2000,4451
5,Stream_818,ats,ES_409,ES_826,738,500,5625
5,Stream_819,ats,ES_410,ES_368,687,500,10011
4,Stream_820,ats,ES_410,ES_350,749,2000,6442
3,Stream_821,ats,ES_411,ES_447,780,1000,19515
5,Stream_822,ats,ES_411,ES_827,506,1000,1338
7,Stream_823,ats,ES_412,ES_753,917,500,2815
1,Stream_824,ats,ES_412,ES_780,950,1000,19404
6,Stream_825,ats,ES_413,ES_974,856,1000,17841
5,Stream_826,ats,ES_413,ES_115,656,1000,18994
4,Stream_827,ats,ES_414,ES_297,550,1000,7042
4,Stream_828,ats,ES_414,ES_883,617,500,15812
3,Stream_829,ats,ES_415,ES_81,990,500,17672
4,Stream_830,ats,ES_415,ES_696,874,500,7401
6,Stream_831,ats,ES_416,ES_980,862,1000,15332
4,Stream_832,ats,ES_416,ES_882,534,2000,16880
2,Stream_833,ats,ES_417,ES_1000,644,2000,18234
3,Stream_834,ats,ES_417,ES_896,955,2000,5532
4,Stream_835,ats,ES_418,ES_680,955,500,5523
0,Stream_836,ats,ES_418,ES_944,572,500,18610
6,Stream_837,ats,ES_419,ES_171,810,2000,11606
4,Stream_838,ats,ES_419,ES_308,766,2000,15683
2,Stream_839,ats,ES_420,ES_264,693,500,14832
7,Stream_840,ats,ES_420,ES_280,502,1000,10121
6,Stream_841,ats,ES_421,ES_530,762,2000,16040
3,Stream_842,ats,ES_421,ES_924,897,1000,17752
5,Stream_843,ats,ES_422,ES_177,579,1000,4800
7,Stream_844,ats,ES_422,ES_697,962,2000,16223
7,Stream_845,ats,ES_423,ES_610,618,2000,1075
1,Stream_846,ats,ES_423,ES_547,984,2000,6460
6,Stream_847,ats,ES_424,ES_968,915,500,13762
2,Stream_848,ats,ES_424,ES_905,719,2000,16034
4,Stream_849,ats,ES_425,ES_757,921,500,18556
5,Stream_850,ats,ES_425,ES_671,603,2000,12147
1,Stream_851,ats,ES_426,ES_350,521,2000,8527
5,Stream_852,ats,ES_426,ES_759,744,500,17561
2,Stream_853,ats,ES_427,ES_900,669,2000,9114
7,Stream_854,ats,ES_427,ES_275,715,500,11740
0,Stream_855,ats,ES_428,ES_866,522,2000,14225
6,Stream_856,ats,ES_428,ES_520,828,1000,2409
3,Stream_857,ats,ES_429,ES_871,627,1000,10178
0,Stream_858,ats,ES_429,ES_1018,774,1000,17995
2,Stream_859,ats,ES_430,ES_407,922,2000,11918
6,Stream_860,ats,ES_430,ES_861,946,1000,7262
3,Stream_861,ats,ES_431,ES_657,668,500,19272
6,Stream_862,ats,ES_431,ES_133,514,2000,16522
5,Stream_863,ats,ES_432,ES_930,977,1000,15171
4,Stream_864,ats,ES_432,ES_814,829,500,6434
5,Stream_865,ats,ES_433,ES_766,608,500,11705
5,Stream_866,ats,ES_433,ES_30,863,1000,4617
7,Stream_867,ats,ES_434,ES_902,541,1000,8097
7,Stream_868,ats,ES_434,ES_850,765,1000,7699
3,Stream_869,ats,ES_435,ES_574,835,500,4142
2,Stream_870,ats,ES_435,ES_610,720,2000,8606
5,Stream_871,ats,ES_436,ES_194,993,500,7940
1,Stream_872,ats,ES_436,ES_786,627,1000,8184
3,Stream_873,ats,ES_437,ES_793,912,1000,9413
5,Stream_874,ats,ES_437,ES_712,514,2000,15531
0,Stream_875,ats,ES_438,ES_151,856,2000,3144
7,Stream_876,ats,ES_438,ES_31,823,500,14196
4,Stream_877,ats,ES_439,ES_473,691,1000,6137
2,Stream_878,ats,ES_439,ES_789,681,500,9751
5,Stream_879,ats,ES_440,ES_16,793,500,2166
7,Stream_880,ats,ES_440,ES_436,633,2000,10938
4,Stream_881,ats,ES_441,ES_722,550,2000,12433
4,Stream_882,ats,ES_441,ES_911,614,1000,3230
7,Stream_883,ats,ES_442,ES_852,720,2000,11069
4,Stream_884,ats,ES_442,ES_694,655,2000,5699
6,Stream_885,ats,ES_443,ES_544,702,500,8330
0,Stream_886,ats,ES_443,ES_925,956,500,4449
1,Stream_887,ats,ES_444,ES_494,910,500,8692
1,Stream_888,ats,ES_444,ES_1006,727,1000,13825
7,Stream_889,ats,ES_445,ES_65,807,500,8048
7,Stream_890,ats,ES_445,ES_419,572,2000,15217
5,Stream_891,ats,ES_446,ES_219,770,1000,7175
7,Stream_892,ats,ES_446,ES_302,954,2000,13044
1,Stream_893,ats,ES_447,ES_838,718,1000,6597
4,Stream_894,ats,ES_447,ES_899,933,500,3282
5,Stream_895,ats,ES_448,ES_242,780,2000,3521
5,Stream_896,ats,ES_448,ES_183,860,2000,1750
6,Stream_897,ats,ES_449,ES_223,932,500,5825
2,Stream_898,ats,ES_449,ES_350,868,2000,16685
2,Stream_899,ats,ES_450,ES_779,988,1000,12280
0,Stream_900,ats,ES_450,ES_106,984,2000,11058
6,Stream_901,ats,ES_451,ES_873,816,2000,6448
4,Stream_902,ats,ES_451,ES_446,812,1000,15978
7,Stream_903,ats,ES_452,ES_814,817,1000,16295
3,Stream_904,ats,ES_452,ES_902,693,500,9708
5,Stream_905,ats,ES_453,ES_724,929,500,9661
4,Stream_906,ats,ES_453,ES_932,785,500,4986
4,Stream_907,ats,ES_454,ES_776,594,2000,16595
0,Stream_908,ats,ES_454,ES_710,723,1000,10460
7,Stream_909,ats,ES_455,ES_739,834,500,12931
6,Stream_910,ats,ES_455,ES_910,935,2000,11778
3,Stream_911,ats,ES_456,ES_973,520,1000,11729
0,Stream_912,ats,ES_456,ES_614,946,500,17393
1,Stream_913,ats,ES_457,ES_599,529,1000,4232
7,Stream_914,ats,ES_457,ES_292,884,1000,10578
0,Stream_915,ats,ES_458,ES_760,975,500,5514
4,Stream_916,ats,ES_458,ES_791,792,2000,1280
1,Stream_917,ats,ES_459,ES_930,736,500,5319
2,Stream_918,ats,ES_459,ES_300,651,1000,11178
1,Stream_919,ats,ES_460,ES_234,513,500,5838
2,Stream_920,ats,ES_460,ES_154,541,2000,7325
5,Stream_921,ats,ES_461,ES_33,971,2000,4945
6,Stream_922,ats,ES_461,ES_343,664,1000,13543
4,Stream_923,ats,ES_462,ES_427,920,2000,2985
5,Stream_924,ats,ES_462,ES_409,884,1000,7899
2,Stream_925,ats,ES_463,ES_9,506,500,11499
4,Stream_926,ats,ES_463,ES_533,738,500,14711
3,Stream_927,ats,ES_464,ES_627,707,1000,17453
0,Stream_928,ats,ES_464,ES_912,940,2000,13022
1,Stream_929,ats,ES_465,ES_18,747,500,2430
7,Stream_930,ats,ES_465,ES_749,771,1000,16947
5,Stream_931,ats,ES_466,ES_854,859,500,2322
6,Stream_932,ats,ES_466,ES_510,956,1000,18488
7,Stream_933,ats,ES_467,ES_296,509,2000,19905
5,Stream_934,ats,ES_467,ES_880,507,1000,13446
4,Stream_935,ats,ES_468,ES_631,899,1000,13352
4,Stream_936,ats,ES_468,ES_543,667,500,5849
7,Stream_937,ats,ES_469,ES_127,799,1000,3269
1,Stream_938,ats,ES_469,ES_773,519,2000,5842
0,Stream_939,ats,ES_470,ES_556,732,1000,2681
4,Stream_940,ats,ES_470,ES_914,728,2000,16344
5,Stream_941,ats,ES_471,ES_104,821,500,13614
1,Stream_942,ats,ES_471,ES_638,982,1000,1469
5,Stream_943,ats,ES_472,ES_348,851,1000,6773
5,Stream_944,ats,ES_472,ES_456,682,1000,1635
4,Stream_945,ats,ES_473,ES_1008,961,2000,3714
2,Stream_946,ats,ES_473,ES_480,506,1000,6845
6,Stream_947,ats,ES_474,ES_770,583,1000,15432
6,Stream_948,ats,ES_474,ES_460,614,1000,1745
2,Stream_949,ats,ES_475,ES_834,887,1000,10669
0,Stream_950,ats,ES_475,ES_503,694,2000,5799
0,Stream_951,ats,ES_476,ES_175,664,500,12773
4,Stream_952,ats,ES_476,ES_379,698,1000,12322
1,Stream_953,ats,ES_477,ES_386,868,1000,1495
5,Stream_954,ats,ES_477,ES_980,864,2000,9416
4,Stream_955,ats,ES_478,ES_710,730,2000,16019
3,Stream_956,ats,ES_478,ES_686,954,500,11016
0,Stream_957,ats,ES_479,ES_982,647,500,6817
7,Stream_958,ats,ES_479,ES_152,775,1000,11864
1,Stream_959,ats,ES_480,ES_327,986,1000,3423
6,Stream_960,ats,ES_480,ES_315,751,500,7820
4,Stream_961,ats,ES_481,ES_193,686,2000,9004
5,Stream_962,ats,ES_481,ES_48,520,2000,10254
4,Stream_963,ats,ES_482,ES_428,642,2000,1466
1,Stream_964,ats,ES_482,ES_873,902,1000,6778
4,Stream_965,ats,ES_483,ES_771,894,1000,18053
2,Stream_966,ats,ES_483,ES_488,619,500,18359
0,Stream_967,ats,ES_484,ES_927,687,2000,15662
2,Stream_968,ats,ES_484,ES_416,557,1000,8857
4,Stream_969,ats,ES_485,ES_141,995,500,4168
0,Stream_970,ats,ES_485,ES_1000,971,500,7577
6,Stream_971,ats,ES_486,ES_974,753,2000,16856
3,Stream_972,ats,ES_486,ES_875,690,500,5421
1,Stream_973,ats,ES_487,ES_260,668,1000,12902
6,Stream_974,ats,ES_487,ES_963,843,1000,6439
0,Stream_975,ats,ES_488,ES_894,773,500,5234
3,Stream_976,ats,ES_488,ES_806,960,500,9763
7,Stream_977,ats,ES_489,ES_479,628,2000,19854
2,Stream_978,ats,ES_489,ES_434,672,500,14488
2,Stream_979,ats,ES_490,ES_919,693,1000,16127
4,Stream_980,ats,ES_490,ES_185,715,1000,9353
5,Stream_981,ats,ES_491,ES_575,936,2000,12048
0,Stream_982,ats,ES_491,ES_549,947,1000,5110
0,Stream_983,ats,ES_492,ES_772,514,500,13113
2,Stream_984,ats,ES_492,ES_325,754,500,16265
5,Stream_985,ats,ES_493,ES_160,509,2000,6133
7,Stream_986,ats,ES_493,ES_213,547,500,19156
6,Stream_987,ats,ES_494,ES_508,828,500,15874
7,Stream_988,ats,ES_494,ES_705,668,1000,10838
5,Stream_989,ats,ES_495,ES_356,660,500,7176
4,Stream_990,ats,ES_495,ES_122,505,2000,5277
4,Stream_991,ats,ES_496,ES_342,879,500,6698
1,Stream_992,ats,ES_496,ES_873,622,1000,4122
5,Stream_993,ats,ES_497,ES_691,639,2000,7072
5,Stream_994,ats,ES_497,ES_796,629,1000,2001
5,Stream_995,ats,ES_498,ES_487,600,1000,9993
4,Stream_996,ats,ES_498,ES_817,810,500,7588
1,Stream_997,ats,ES_499,ES_475,643,1000,10435
3,Stream_998,ats,ES_499,ES_533,507,500,8092
6,Stream_999,ats,ES_500,ES_809,527,1000,7127
6,Stream_1000,ats,ES_500,ES_815,518,2000,11746
7,Stream_1001,ats,ES_501,ES_278,718,2000,16976
3,Stream_1002,ats,ES_501,ES_308,520,500,16399
5,Stream_1003,ats,ES_502,ES_622,614,2000,5680
4,Stream_1004,ats,ES_502,ES_811,755,1000,17347
3,Stream_1005,ats,ES_503,ES_957,950,500,11488
1,Stream_1006,ats,ES_503,ES_508,949,1000,3625
7,Stream_1007,ats,ES_504,ES_662,884,500,3058
1,Stream_1008,ats,ES_504,ES_780,761,1000,3555
6,Stream_1009,ats,ES_505,ES_671,660,1000,1180
0,Stream_1010,ats,ES_505,ES_552,819,500,16480
3,Stream_1011,ats,ES_506,ES_234,608,1000,14637
6,Stream_1012,ats,ES_506,ES_171,736,500,16373
0,Stream_1013,ats,ES_507,ES_403,591,500,11466
3,Stream_1014,ats,ES_507,ES_277,799,1000,16700
0,Stream_1015,ats,ES_508,ES_207,557,500,6387
3,Stream_1016,ats,ES_508,ES_879,710,500,11617
2,Stream_1017,ats,ES_509,ES_947,558,2000,16205
7,Stream_1018,ats,ES_509,ES_14,662,500,11119
3,Stream_1019,ats,ES_510,ES_65,844,500,2023
3,Stream_1020,ats,ES_510,ES_908,730,1000,17732
1,Stream_1021,ats,ES_511,ES_773,554,500,5396
2,Stream_1022,ats,ES_511,ES_699,939,500,8603
0,Stream_1023,ats,ES_512,ES_996,513,2000,2079
1,Stream_1024,ats,ES_512,ES_952,817,2000,18928
2,Stream_1025,ats,ES_513,ES_611,800,1000,17098
6,Stream_1026,ats,ES_513,ES_492,587,1000,8919
6,Stream_1027,ats,ES_514,ES_813,729,500,13806
7,Stream_1028,ats,ES_514,ES_721,561,2000,14994
2,Stream_1029,ats,ES_515,ES_528,891,1000,5552
2,Stream_1030,ats,ES_515,ES_91,692,500,8555
3,Stream_1031,ats,ES_516,ES_867,617,2000,6062
6,Stream_1032,ats,ES_516,ES_369,776,2000,17858
5,Stream_1033,ats,ES_517,ES_305,607,500,13364
1,Stream_1034,ats,ES_517,ES_1018,629,1000,13361
1,Stream_1035,ats,ES_518,ES_204,567,2000,6644
5,Stream_1036,ats,ES_518,ES_905,976,1000,12584
2,Stream_1037,ats,ES_519,ES_859,875,2000,3838
3,Stream_1038,ats,ES_519,ES_116,950,2000,13273
1,Stream_1039,ats,ES_520,ES_80,575,500,6925
4,Stream_1040,ats,ES_520,ES_803,709,2000,16131
3,Stream_1041,ats,ES_521,ES_61,675,500,19235
0,Stream_1042,ats,ES_521,ES_1011,595,500,6421
2,Stream_1043,ats,ES_522,ES_306,961,500,15423
1,Stream_1044,ats,ES_522,ES_60,648,2000,10580
7,Stream_1045,ats,ES_523,ES_744,698,500,14937
6,Stream_1046,ats,ES_523,ES_692,540,1000,6659
7,Stream_1047,ats,ES_524,ES_848,820,2000,7851
3,Stream_1048,ats,ES_524,ES_624,880,2000,10185
0,Stream_1049,ats,ES_525,ES_786,739,500,1742
1,Stream_1050,ats,ES_525,ES_603,626,500,16520
0,Stream_1051,ats,ES_526,ES_336,896,2000,17370
7,Stream_1052,ats,ES_526,ES_942,735,2000,2275
4,Stream_1053,ats,ES_527,ES_886,920,500,12457
5,Stream_1054,ats,ES_527,ES_634,886,2000,12696
5,Stream_1055,ats,ES_528,ES_353,890,500,3328
2,Stream_1056,ats,ES_528,ES_993,579,500,16285
6,Stream_1057,ats,ES_529,ES_43,992,2000,19564
4,Stream_1058,ats,ES_529,ES_603,610,500,6132
7,Stream_1059,ats,ES_530,ES_409,538,1000,18472
4,Stream_1060,ats,ES_530,ES_118,566,500,9796
1,Stream_1061,ats,ES_531,ES_869,800,1000,17133
4,Stream_1062,ats,ES_531,ES_177,654,1000,17622
2,Stream_1063,ats,ES_532,ES_838,847,1000,8558
0,Stream_1064,ats,ES_532,ES_177,959,500,15629
5,Stream_1065,ats,ES_533,ES_227,773,500,17568
1,Stream_1066,ats,ES_533,ES_317,739,500,13029
3,Stream_1067,ats,ES_534,ES_749,714,1000,14806
4,Stream_1068,ats,ES_534,ES_803,848,2000,6135
5,Stream_1069,ats,ES_535,ES_585,897,2000,12161
3,Stream_1070,ats,ES_535,ES_114,683,1000,15062
6,Stream_1071,ats,ES_536,ES_615,684,2000,12523
1,Stream_1072,ats,ES_536,ES_624,930,2000,17254
4,Stream_1073,ats,ES_537,ES_233,703,500,18824
1,Stream_1074,ats,ES_537,ES_874,988,500,16036
6,Stream_1075,ats,ES_538,ES_418,553,500,19832
6,Stream_1076,ats,ES_538,ES_257,992,500,4292
6,Stream_1077,ats,ES_539,ES_52,857,1000,12758
0,Stream_1078,ats,ES_539,ES_221,621,500,5663
7,Stream_1079,ats,ES_540,ES_847,728,500,12055
2,Stream_1080,ats,ES_540,ES_414,984,1000,4417
1,Stream_1081,ats,ES_541,ES_493,774,500,18223
3,Stream_1082,ats,ES_541,ES_102,798,1000,18096
3,Stream_1083,ats,ES_542,ES_472,761,1000,16939
1,Stream_1084,ats,ES_542,ES_757,614,1000,12774
4,Stream_1085,ats,ES_543,ES_221,950,2000,19015
5,Stream_1086,ats,ES_543,ES_638,898,500,12423
2,Stream_1087,ats,ES_544,ES_29,701,2000,15481
3,Stream_1088,ats,ES_544,ES_651,627,2000,11257
2,Stream_1089,ats,ES_545,ES_809,792,2000,10522
3,Stream_1090,ats,ES_545,ES_74,866,500,16546
4,Stream_1091,ats,ES_546,ES_375,999,500,10725
3,Stream_1092,ats,ES_546,ES_658,805,2000,2850
4,Stream_1093,ats,ES_547,ES_414,807,2000,1765
5,Stream_1094,ats,ES_547,ES_788,538,500,3229
6,Stream_1095,ats,ES_548,ES_401,521,2000,10551
7,Stream_1096,ats,ES_548,ES_230,929,500,16425
3,Stream_1097,ats,ES_549,ES_620,887,2000,17383
7,Stream_1098,ats,ES_549,ES_886,535,500,17570
1,Stream_1099,ats,ES_550,ES_506,536,1000,5664
3,Stream_1100,ats,ES_550,ES_745,892,2000,19833
2,Stream_1101,ats,ES_551,ES_715,893,2000,13633
5,Stream_1102,ats,ES_551,ES_299,880,2000,2974
5,Stream_1103,ats,ES_552,ES_336,824,1000,8124
7,Stream_1104,ats,ES_552,ES_684,911,2000,11843
3,Stream_1105,ats,ES_553,ES_222,976,2000,2588
0,Stream_1106,ats,ES_553,ES_118,562,2000,2875
5,Stream_1107,ats,ES_554,ES_1022,616,500,10752
7,Stream_1108,ats,ES_554,ES_914,563,500,8596
3,Stream_1109,ats,ES_555,ES_225,866,1000,15622
4,Stream_1110,ats,ES_555,ES_429,840,2000,13947
0,Stream_1111,ats,ES_556,ES_719,581,500,9993
0,Stream_1112,ats,ES_556,ES_562,970,500,2987
0,Stream_1113,ats,ES_557,ES_105,896,2000,12250
0,Stream_1114,ats,ES_557,ES_78,898,2000,5811
5,Stream_1115,ats,ES_558,ES_336,974,500,14522
0,Stream_1116,ats,ES_558,ES_148,669,500,13750
3,Stream_1117,ats,ES_559,ES_749,690,2000,3143
5,Stream_1118,ats,ES_559,ES_456,815,1000,7103
2,Stream_1119,ats,ES_560,ES_223,874,2000,5128
7,Stream_1120,ats,ES_560,ES_568,855,500,6722
7,Stream_1121,ats,ES_561,ES_702,954,2000,17237
4,Stream_1122,ats,ES_561,ES_287,719,500,15914
7,Stream_1123,ats,ES_562,ES_488,754,2000,6828
5,Stream_1124,ats,ES_562,ES_911,644,500,12012
6,Stream_1125,ats,ES_563,ES_688,643,1000,7443
2,Stream_1126,ats,ES_563,ES_635,633,2000,10593
1,Stream_1127,ats,ES_564,ES_34,561,2000,4107
6,Stream_1128,ats,ES_564,ES_315,981,2000,9966
2,Stream_1129,ats,ES_565,ES_574,964,500,7690
4,Stream_1130,ats,ES_565,ES_382,851,500,12364
4,Stream_1131,ats,ES_566,ES_646,777,1000,14837
0,Stream_1132,ats,ES_566,ES_718,698,2000,8257
4,Stream_1133,ats,ES_567,ES_319,930,2000,15455
5,Stream_1134,ats,ES_567,ES_29,689,1000,16506
5,Stream_1135,ats,ES_568,ES_89,927,1000,13391
2,Stream_1136,ats,ES_568,ES_792,708,2000,16531
6,Stream_1137,ats,ES_569,ES_593,730,500,9988
5,Stream_1138,ats,ES_569,ES_314,959,500,8453
1,Stream_1139,ats,ES_570,ES_905,694,2000,6673
1,Stream_1140,ats,ES_570,ES_267,557,1000,9370
7,Stream_1141,ats,ES_571,ES_986,804,1000,2897
1,Stream_1142,ats,ES_571,ES_330,666,500,4054
6,Stream_1143,ats,ES_572,ES_399,751,500,1002
7,Stream_1144,ats,ES_572,ES_318,849,2000,4425
3,Stream_1145,ats,ES_573,ES_722,832,2000,12253
5,Stream_1146,ats,ES_573,ES_551,627,2000,17482
5,Stream_1147,ats,ES_574,ES_101,931,500,14014
6,Stream_1148,ats,ES_574,ES_237,947,500,3725
7,Stream_1149,ats,ES_575,ES_195,634,500,18178
2,Stream_1150,ats,ES_575,ES_181,520,2000,19276
1,Stream_1151,ats,ES_576,ES_548,747,1000,1971
0,Stream_1152,ats,ES_576,ES_200,773,2000,3944
0,Stream_1153,ats,ES_577,ES_125,683,2000,11126
3,Stream_1154,ats,ES_577,ES_30,512,1000,10462
5,Stream_1155,ats,ES_578,ES_142,578,1000,11624
3,Stream_1156,ats,ES_578,ES_358,829,500,19894
7,Stream_1157,ats,ES_579,ES_807,931,1000,6914
1,Stream_1158,ats,ES_579,ES_272,774,2000,19596
5,Stream_1159,ats,ES_580,ES_683,833,2000,11299
3,Stream_1160,ats,ES_580,ES_91,508,500,1954
7,Stream_1161,ats,ES_581,ES_122,777,500,19630
3,Stream_1162,ats,ES_581,ES_836,702,500,11870
5,Stream_1163,ats,ES_582,ES_1015,939,500,6832
1,Stream_1164,ats,ES_582,ES_346,539,2000,17452
7,Stream_1165,ats,ES_583,ES_13,509,1000,13451
0,Stream_1166,ats,ES_583,ES_864,573,1000,3100
6,Stream_1167,ats,ES_584,ES_334,778,500,14894
0,Stream_1168,ats,ES_584,ES_938,775,1000,18190
7,Stream_1169,ats,ES_585,ES_162,588,1000,3447
0,Stream_1170,ats,ES_585,ES_499,989,2000,9289
1,Stream_1171,ats,ES_586,ES_93,888,500,5814
7,Stream_1172,ats,ES_586,ES_805,718,500,10414
4,Stream_1173,ats,ES_587,ES_580,557,1000,15971
5,Stream_1174,ats,ES_587,ES_882,519,2000,9452
3,Stream_1175,ats,ES_588,ES_362,969,2000,4455
5,Stream_1176,ats,ES_588,ES_499,573,2000,9820
4,Stream_1177,ats,ES_589,ES_209,507,500,19828
6,Stream_1178,ats,ES_589,ES_1003,965,500,15075
4,Stream_1179,ats,ES_590,ES_781,524,500,5154
0,Stream_1180,ats,ES_590,ES_942,732,500,12690
0,Stream_1181,ats,ES_591,ES_974,958,500,2690
4,Stream_1182,ats,ES_591,ES_426,771,2000,14107
5,Stream_1183,ats,ES_592,ES_815,872,2000,19034
6,Stream_1184,ats,ES_592,ES_36,855,2000,10106
4,Stream_1185,ats,ES_593,ES_684,578,2000,9427
1,Stream_1186,ats,ES_593,ES_984,684,500,9554
2,Stream_1187,ats,ES_594,ES_671,870,1000,2876
0,Stream_1188,ats,ES_594,ES_372,813,1000,14503
6,Stream_1189,ats,ES_595,ES_368,643,500,8263
4,Stream_1190,ats,ES_595,ES_382,749,1000,12423
5,Stream_1191,ats,ES_596,ES_418,533,1000,2271
4,Stream_1192,ats,ES_596,ES_593,531,1000,15111
2,Stream_1193,ats,ES_597,ES_930,916,1000,17638
5,Stream_1194,ats,ES_597,ES_940,618,2000,14043
7,Stream_1195,ats,ES_598,ES_653,800,2000,10008
0,Stream_1196,ats,ES_598,ES_527,501,1000,9867
3,Stream_1197,ats,ES_599,ES_274,734,500,19195
1,Stream_1198,ats,ES_599,ES_131,919,1000,2517
2,Stream_1199,ats,ES_600,ES_513,719,1000,4200
5,Stream_1200,ats,ES_600,ES_554,674,2000,2711
1,Stream_1201,ats,ES_601,ES_957,639,1000,3159
1,Stream_1202,ats,ES_601,ES_165,783,2000,4413
4,Stream_1203,ats,ES_602,ES_232,945,1000,11392
6,Stream_1204,ats,ES_602,ES_194,694,1000,14651
0,Stream_1205,ats,ES_603,ES_220,615,2000,7011
7,Stream_1206,ats,ES_603,ES_339,889,500,7130
4,Stream_1207,ats,ES_604,ES_303,983,1000,12577
5,Stream_1208,ats,ES_604,ES_284,612,1000,15855
6,Stream_1209,ats,ES_605,ES_490,687,1000,3330
0,Stream_1210,ats,ES_605,ES_846,783,500,15666
7,Stream_1211,ats,ES_606,ES_268,830,1000,7045
5,Stream_1212,ats,ES_606,ES_75,667,2000,14576
4,Stream_1213,ats,ES_607,ES_33,539,500,19087
1,Stream_1214,ats,ES_607,ES_398,604,1000,17490
4,Stream_1215,ats,ES_608,ES_504,951,500,15774
7,Stream_1216,ats,ES_608,ES_89,878,1000,15538
0,Stream_1217,ats,ES_609,ES_826,903,500,5147
5,Stream_1218,ats,ES_609,ES_245,957,500,4306
4,Stream_1219,ats,ES_610,ES_732,913,2000,15741
5,Stream_1220,ats,ES_610,ES_453,678,1000,11556
7,Stream_1221,ats,ES_611,ES_159,931,2000,7845
4,Stream_1222,ats,ES_611,ES_559,523,2000,13724
1,Stream_1223,ats,ES_612,ES_145,684,2000,17561
5,Stream_1224,ats,ES_612,ES_165,803,1000,10955
4,Stream_1225,ats,ES_613,ES_96,678,500,11966
2,Stream_1226,ats,ES_613,ES_379,920,500,11010
7,Stream_1227,ats,ES_614,ES_831,821,1000,19921
6,Stream_1228,ats,ES_614,ES_668,763,2000,15326
7,Stream_1229,ats,ES_615,ES_690,887,1000,12575
3,Stream_1230,ats,ES_615,ES_226,532,2000,10316
4,Stream_1231,ats,ES_616,ES_561,630,500,2621
4,Stream_1232,ats,ES_616,ES_850,978,500,18620
1,Stream_1233,ats,ES_617,ES_886,774,500,2740
5,Stream_1234,ats,ES_617,ES_893,972,2000,19166
1,Stream_1235,ats,ES_618,ES_992,623,2000,14103
2,Stream_1236,ats,ES_618,ES_590,540,1000,9390
2,Stream_1237,ats,ES_619,ES_1018,1000,1000,2937
1,Stream_1238,ats,ES_619,ES_267,601,2000,5059
0,Stream_1239,ats,ES_620,ES_95,689,2000,13896
0,Stream_1240,ats,ES_620,ES_267,704,2000,2644
5,Stream_1241,ats,ES_621,ES_779,897,1000,1652
2,Stream_1242,ats,ES_621,ES_536,629,2000,6182
6,Stream_1243,ats,ES_622,ES_527,867,1000,11313
7,Stream_1244,ats,ES_622,ES_607,530,2000,6135
3,Stream_1245,ats,ES_623,ES_354,806,500,3261
1,Stream_1246,ats,ES_623,ES_9,818,500,3132
6,Stream_1247,ats,ES_624,ES_520,834,500,9136
6,Stream_1248,ats,ES_624,ES_273,632,500,7531
4,Stream_1249,ats,ES_625,ES_714,931,1000,13073
6,Stream_1250,ats,ES_625,ES_98,573,500,2910
5,Stream_1251,ats,ES_626,ES_931,868,500,15649
4,Stream_1252,ats,ES_626,ES_822,640,1000,4807
5,Stream_1253,ats,ES_627,ES_452,855,2000,1839
4,Stream_1254,ats,ES_627,ES_838,825,2000,5445
1,Stream_1255,ats,ES_628,ES_378,798,1000,1874
3,Stream_1256,ats,ES_628,ES_289,723,1000,1484
6,Stream_1257,ats,ES_629,ES_957,665,2000,3847
2,Stream_1258,ats,ES_629,ES_804,630,2000,7247
6,Stream_1259,ats,ES_630,ES_565,590,500,8776
4,Stream_1260,ats,ES_630,ES_888,500,2000,10488
6,Stream_1261,ats,ES_631,ES_490,964,2000,6427
4,Stream_1262,ats,ES_631,ES_894,886,2000,14175
4,Stream_1263,ats,ES_632,ES_904,914,500,9052
4,Stream_1264,ats,ES_632,ES_475,769,2000,15289
2,Stream_1265,ats,ES_633,ES_359,792,500,4079
5,Stream_1266,ats,ES_633,ES_790,666,500,9054
3,Stream_1267,ats,ES_634,ES_201,826,500,19050
2,Stream_1268,ats,ES_634,ES_674,557,1000,11098
2,Stream_1269,ats,ES_635,ES_770,578,2000,8061
2,Stream_1270,ats,ES_635,ES_758,679,1000,9080
5,Stream_1271,ats,ES_636,ES_300,854,500,6693
0,Stream_1272,ats,ES_636,ES_774,755,1000,7004
4,Stream_1273,ats,ES_637,ES_1012,974,2000,14147
1,Stream_1274,ats,ES_637,ES_270,979,1000,6013
2,Stream_1275,ats,ES_638,ES_167,933,2000,14061
4,Stream_1276,ats,ES_638,ES_929,725,500,19029
6,Stream_1277,ats,ES_639,ES_724,595,1000,13861
3,Stream_1278,ats,ES_639,ES_967,814,500,14753
7,Stream_1279,ats,ES_640,ES_359,720,2000,17651
6,Stream_1280,ats,ES_640,ES_833,803,500,1191
0,Stream_1281,ats,ES_641,ES_286,802,1000,9187
3,Stream_1282,ats,ES_641,ES_576,711,2000,10170
7,Stream_1283,ats,ES_642,ES_322,956,2000,5389
2,Stream_1284,ats,ES_642,ES_70,757,500,14351
7,Stream_1285,ats,ES_643,ES_401,656,2000,16867
4,Stream_1286,ats,ES_643,ES_820,719,500,5855
6,Stream_1287,ats,ES_644,ES_519,541,1000,19762
5,Stream_1288,ats,ES_644,ES_967,712,1000,17227
0,Stream_1289,ats,ES_645,ES_121,727,500,14923
0,Stream_1290,ats,ES_645,ES_145,975,1000,16425
1,Stream_1291,ats,ES_646,ES_610,783,1000,17821
2,Stream_1292,ats,ES_646,ES_429,577,2000,19923
1,Stream_1293,ats,ES_647,ES_931,536,500,1793
4,Stream_1294,ats,ES_647,ES_682,925,2000,6905
5,Stream_1295,ats,ES_648,ES_399,853,2000,16046
5,Stream_1296,ats,ES_648,ES_510,671,1000,8846
5,Stream_1297,ats,ES_649,ES_1005,890,1000,18535
7,Stream_1298,ats,ES_649,ES_494,648,500,15717
0,Stream_1299,ats,ES_650,ES_912,668,500,3910
7,Stream_1300,ats,ES_650,ES_616,539,2000,11337
0,Stream_1301,ats,ES_651,ES_664,568,1000,2722
6,Stream_1302,ats,ES_651,ES_214,628,500,18452
3,Stream_1303,ats,ES_652,ES_760,858,2000,11740
4,Stream_1304,ats,ES_652,ES_699,803,1000,10425
1,Stream_1305,ats,ES_653,ES_928,825,2000,4261
4,Stream_1306,ats,ES_653,ES_556,591,1000,15120
6,Stream_1307,ats,ES_654,ES_542,632,2000,15932
6,Stream_1308,ats,ES_654,ES_168,675,500,7933
1,Stream_1309,ats,ES_655,ES_728,863,1000,6297
0,Stream_1310,ats,ES_655,ES_702,924,2000,17899
3,Stream_1311,ats,ES_656,ES_151,609,500,3137
6,Stream_1312,ats,ES_656,ES_658,798,500,2040
3,Stream_1313,ats,ES_657,ES_929,944,500,19873
3,Stream_1314,ats,ES_657,ES_669,874,2000,1302
5,Stream_1315,ats,ES_658,ES_329,556,2000,19516
3,Stream_1316,ats,ES_658,ES_910,596,500,15316
4,Stream_1317,ats,ES_659,ES_498,549,2000,16697
6,Stream_1318,ats,ES_659,ES_906,788,500,3674
6,Stream_1319,ats,ES_660,ES_1013,649,2000,3450
3,Stream_1320,ats,ES_660,ES_94,914,2000,9650
1,Stream_1321,ats,ES_661,ES_165,710,500,1539
4,Stream_1322,ats,ES_661,ES_491,813,1000,10313
4,Stream_1323,ats,ES_662,ES_217,892,500,12943
5,Stream_1324,ats,ES_662,ES_824,764,2000,7483
6,Stream_1325,ats,ES_663,ES_423,666,1000,10446
7,Stream_1326,ats,ES_663,ES_125,921,1000,4043
3,Stream_1327,ats,ES_664,ES_803,604,500,10624
2,Stream_1328,ats,ES_664,ES_1016,648,500,10460
1,Stream_1329,ats,ES_665,ES_441,641,500,14473
3,Stream_1330,ats,ES_665,ES_507,863,2000,7948
5,Stream_1331,ats,ES_666,ES_630,622,2000,1671
6,Stream_1332,ats,ES_666,ES_376,920,2000,10067
1,Stream_1333,ats,ES_667,ES_307,791,2000,18790
0,Stream_1334,ats,ES_667,ES_453,737,2000,5544
3,Stream_1335,ats,ES_668,ES_869,902,2000,3295
6,Stream_1336,ats,ES_668,ES_300,792,1000,1860
7,Stream_1337,ats,ES_669,ES_523,972,500,3385
0,Stream_1338,ats,ES_669,ES_272,854,2000,15227
1,Stream_1339,ats,ES_670,ES_350,502,2000,6549
7,Stream_1340,ats,ES_670,ES_118,510,2000,5670
0,Stream_1341,ats,ES_671,ES_892,650,1000,5351
4,Stream_1342,ats,ES_671,ES_56,738,1000,10856
5,Stream_1343,ats,ES_672,ES_343,999,1000,15544
7,Stream_1344,ats,ES_672,ES_347,741,500,9027
1,Stream_1345,ats,ES_673,ES_376,558,500,12473
7,Stream_1346,ats,ES_673,ES_510,572,1000,13197
7,Stream_1347,ats,ES_674,ES_818,821,2000,14010
3,Stream_1348,ats,ES_674,ES_871,546,1000,17436
6,Stream_1349,ats,ES_675,ES_715,774,2000,17718
3,Stream_1350,ats,ES_675,ES_138,691,500,16007
6,Stream_1351,ats,ES_676,ES_265,744,1000,8414
1,Stream_1352,ats,ES_676,ES_423,670,1000,15302
4,Stream_1353,ats,ES_677,ES_963,909,2000,1989
5,Stream_1354,ats,ES_677,ES_742,877,2000,8399
3,Stream_1355,ats,ES_678,ES_315,555,2000,16355
3,Stream_1356,ats,ES_678,ES_252,703,500,19978
4,Stream_1357,ats,ES_679,ES_252,831,2000,9351
3,Stream_1358,ats,ES_679,ES_919,880,2000,11574
0,Stream_1359,ats,ES_680,ES_569,674,1000,1178
1,Stream_1360,ats,ES_680,ES_243,724,1000,9714
3,Stream_1361,ats,ES_681,ES_719,796,1000,6498
6,Stream_1362,ats,ES_681,ES_115,929,2000,2468
0,Stream_1363,ats,ES_682,ES_14,903,500,17538
3,Stream_1364,ats,ES_682,ES_166,558,1000,14808
1,Stream_1365,ats,ES_683,ES_347,787,500,17574
7,Stream_1366,ats,ES_683,ES_488,915,1000,9911
2,Stream_1367,ats,ES_684,ES_108,815,1000,7612
4,Stream_1368,ats,ES_684,ES_366,599,2000,8608
3,Stream_1369,ats,ES_685,ES_788,884,1000,12097
4,Stream_1370,ats,ES_685,ES_607,757,2000,8783
7,Stream_1371,ats,ES_686,ES_103,502,500,8018
0,Stream_1372,ats,ES_686,ES_933,567,2000,4393
3,Stream_1373,ats,ES_687,ES_421,802,2000,19397
4,Stream_1374,ats,ES_687,ES_801,539,500,2738
7,Stream_1375,ats,ES_688,ES_579,581,1000,4667
7,Stream_1376,ats,ES_688,ES_262,932,2000,16397
0,Stream_1377,ats,ES_689,ES_796,785,1000,19550
2,Stream_1378,ats,ES_689,ES_218,839,1000,11227
3,Stream_1379,ats,ES_690,ES_558,637,1000,8597
2,Stream_1380,ats,ES_690,ES_58,654,2000,4516
5,Stream_1381,ats,ES_691,ES_92,841,2000,14948
5,Stream_1382,ats,ES_691,ES_702,757,1000,15329
5,Stream_1383,ats,ES_692,ES_650,548,1000,7488
7,Stream_1384,ats,ES_692,ES_575,997,1000,7016
3,Stream_1385,ats,ES_693,ES_116,527,500,12581
2,Stream_1386,ats,ES_693,ES_1020,620,2000,16381
2,Stream_1387,ats,ES_694,ES_614,548,1000,13547
6,Stream_1388,ats,ES_694,ES_749,924,2000,17492
5,Stream_1389,ats,ES_695,ES_106,616,2000,7988
7,Stream_1390,ats,ES_695,ES_575,663,2000,10439
2,Stream_1391,ats,ES_696,ES_1009,772,500,12459
0,Stream_1392,ats,ES_696,ES_50,689,2000,7195
2,Stream_1393,ats,ES_697,ES_442,686,2000,5461
0,Stream_1394,ats,ES_697,ES_1012,779,1000,12416
6,Stream_1395,ats,ES_698,ES_173,898,2000,19939
3,Stream_1396,ats,ES_698,ES_12,773,2000,3056
7,Stream_1397,ats,ES_699,ES_511,915,500,16028
2,Stream_1398,ats,ES_699,ES_972,593,1000,1481
5,Stream_1399,ats,ES_700,ES_525,959,2000,14120
7,Stream_1400,ats,ES_700,ES_518,783,2000,14007
4,Stream_1401,ats,ES_701,ES_187,980,1000,6605
5,Stream_1402,ats,ES_701,ES_242,941,500,7374
2,Stream_1403,ats,ES_702,ES_27,889,500,9787
4,Stream_1404,ats,ES_702,ES_859,697,500,8279
4,Stream_1405,ats,ES_703,ES_457,609,500,18511
1,Stream_1406,ats,ES_703,ES_50,938,500,15366
6,Stream_1407,ats,ES_704,ES_528,999,1000,4992
2,Stream_1408,ats,ES_704,ES_728,505,2000,11356
1,Stream_1409,ats,ES_705,ES_474,523,2000,6738
3,Stream_1410,ats,ES_705,ES_932,963,2000,18107
6,Stream_1411,ats,ES_706,ES_44,507,500,11991
6,Stream_1412,ats,ES_706,ES_761,571,1000,1815
7,Stream_1413,ats,ES_707,ES_347,675,500,4366
7,Stream_1414,ats,ES_707,ES_802,610,500,17420
0,Stream_1415,ats,ES_708,ES_350,767,500,10030
1,Stream_1416,ats,ES_708,ES_281,623,1000,10116
3,Stream_1417,ats,ES_709,ES_934,888,500,5821
5,Stream_1418,ats,ES_709,ES_378,515,2000,18967
5,Stream_1419,ats,ES_710,ES_267,926,2000,6710
1,Stream_1420,ats,ES_710,ES_622,622,500,13115
1,Stream_1421,ats,ES_711,ES_657,525,500,5162
0,Stream_1422,ats,ES_711,ES_736,547,500,19674
1,Stream_1423,ats,ES_712,ES_520,816,2000,16680
1,Stream_1424,ats,ES_712,ES_804,927,2000,19028
5,Stream_1425,ats,ES_713,ES_404,663,1000,15546
3,Stream_1426,ats,ES_713,ES_449,610,2000,19362
1,Stream_1427,ats,ES_714,ES_548,725,2000,12259
6,Stream_1428,ats,ES_714,ES_651,837,1000,10360
5,Stream_1429,ats,ES_715,ES_470,541,500,1374
1,Stream_1430,ats,ES_715,ES_31,566,2000,1272
7,Stream_1431,ats,ES_716,ES_167,755,1000,1459
4,Stream_1432,ats,ES_716,ES_779,527,2000,19219
1,Stream_1433,ats,ES_717,ES_919,642,2000,15686
6,Stream_1434,ats,ES_717,ES_432,853,1000,12751
1,Stream_1435,ats,ES_718,ES_983,829,2000,3920
4,Stream_1436,ats,ES_718,ES_661,809,1000,10828
3,Stream_1437,ats,ES_719,ES_11,532,500,11052
7,Stream_1438,ats,ES_719,ES_324,925,500,18943
4,Stream_1439,ats,ES_720,ES_416,921,2000,15377
5,Stream_1440,ats,ES_720,ES_35,772,500,12665
4,Stream_1441,ats,ES_721,ES_972,829,2000,13211
1,Stream_1442,ats,ES_721,ES_286,929,500,16525
4,Stream_1443,ats,ES_722,ES_834,771,1000,17838
5,Stream_1444,ats,ES_722,ES_1003,791,1000,1635
0,Stream_1445,ats,ES_723,ES_40,672,2000,7543
0,Stream_1446,ats,ES_723,ES_454,675,1000,5693
6,Stream_1447,ats,ES_724,ES_47,791,1000,7922
5,Stream_1448,ats,ES_724,ES_469,698,500,17427
1,Stream_1449,ats,ES_725,ES_352,924,500,13681
4,Stream_1450,ats,ES_725,ES_968,739,1000,3120
3,Stream_1451,ats,ES_726,ES_949,804,1000,7719
0,Stream_1452,ats,ES_726,ES_670,572,1000,2666
0,Stream_1453,ats,ES_727,ES_25,683,2000,4304
7,Stream_1454,ats,ES_727,ES_518,889,2000,12420
7,Stream_1455,ats,ES_728,ES_759,763,1000,6699
3,Stream_1456,ats,ES_728,ES_982,996,2000,8427
7,Stream_1457,ats,ES_729,ES_482,667,1000,4376
2,Stream_1458,ats,ES_729,ES_317,780,2000,11272
7,Stream_1459,ats,ES_730,ES_294,507,500,11825
1,Stream_1460,ats,ES_730,ES_699,612,1000,9965
5,Stream_1461,ats,ES_731,ES_214,805,1000,6157
5,Stream_1462,ats,ES_731,ES_448,935,2000,14208
0,Stream_1463,ats,ES_732,ES_522,620,2000,8258
2,Stream_1464,ats,ES_732,ES_364,576,500,10895
0,Stream_1465,ats,ES_733,ES_466,672,500,7576
4,Stream_1466,ats,ES_733,ES_512,716,500,15381
1,Stream_1467,ats,ES_734,ES_10,951,1000,8034
6,Stream_1468,ats,ES_734,ES_723,858,2000,2352
6,Stream_1469,ats,ES_735,ES_224,883,1000,15051
7,Stream_1470,ats,ES_735,ES_284,549,1000,18545
2,Stream_1471,ats,ES_736,ES_48,630,500,16825
5,Stream_1472,ats,ES_736,ES_477,618,1000,11676
6,Stream_1473,ats,ES_737,ES_495,738,500,8743
6,Stream_1474,ats,ES_737,ES_684,924,500,11470
3,Stream_1475,ats,ES_738,ES_934,968,2000,9162
2,Stream_1476,ats,ES_738,ES_462,550,500,4345
2,Stream_1477,ats,ES_739,ES_839,975,500,3841
6,Stream_1478,ats,ES_739,ES_1002,816,2000,10095
1,Stream_1479,ats,ES_740,ES_256,586,500,14828
5,Stream_1480,ats,ES_740,ES_822,861,500,1429
3,Stream_1481,ats,ES_741,ES_492,728,500,5554
6,Stream_1482,ats,ES_741,ES_152,822,2000,14861
5,Stream_1483,ats,ES_742,ES_57,518,500,4218
0,Stream_1484,ats,ES_742,ES_228,535,1000,3761
3,Stream_1485,ats,ES_743,ES_642,860,500,8150
3,Stream_1486,ats,ES_743,ES_464,603,1000,6260
3,Stream_1487,ats,ES_744,ES_5,852,1000,1651
2,Stream_1488,ats,ES_744,ES_146,833,1000,1494
2,Stream_1489,ats,ES_745,ES_180,508,500,15899
7,Stream_1490,ats,ES_745,ES_83,797,1000,3594
2,Stream_1491,ats,ES_746,ES_435,646,1000,19080
3,Stream_1492,ats,ES_746,ES_230,918,2000,14362
3,Stream_1493,ats,ES_747,ES_766,777,1000,3183
1,Stream_1494,ats,ES_747,ES_423,918,2000,13649
6,Stream_1495,ats,ES_748,ES_418,612,1000,15566
3,Stream_1496,ats,ES_748,ES_492,973,500,10864
5,Stream_1497,ats,ES_749,ES_227,941,1000,1687
6,Stream_1498,ats,ES_749,ES_501,676,1000,4433
2,Stream_1499,ats,ES_750,ES_281,813,500,11115
1,Stream_1500,ats,ES_750,ES_883,511,2000,14416
2,Stream_1501,ats,ES_751,ES_781,777,1000,17767
2,Stream_1502,ats,ES_751,ES_256,750,1000,16858
4,Stream_1503,ats,ES_752,ES_517,726,2000,8510
4,Stream_1504,ats,ES_752,ES_5,522,1000,19020
5,Stream_1505,ats,ES_753,ES_453,984,500,6570
5,Stream_1506,ats,ES_753,ES_590,889,2000,10486
2,Stream_1507,ats,ES_754,ES_923,766,1000,2973
5,Stream_1508,ats,ES_754,ES_865,747,500,9618
3,Stream_1509,ats,ES_755,ES_363,545,500,14537
1,Stream_1510,ats,ES_755,ES_205,999,1000,8940
5,Stream_1511,ats,ES_756,ES_51,851,2000,13203
5,Stream_1512,ats,ES_756,ES_418,850,1000,16264
6,Stream_1513,ats,ES_757,ES_173,878,2000,6555
2,Stream_1514,ats,ES_757,ES_361,824,500,7606
0,Stream_1515,ats,ES_758,ES_249,584,2000,9212
3,Stream_1516,ats,ES_758,ES_56,576,1000,4137
4,Stream_1517,ats,ES_759,ES_501,859,500,1312
0,Stream_1518,ats,ES_759,ES_879,800,500,5802
0,Stream_1519,ats,ES_760,ES_961,520,500,8215
0,Stream_1520,ats,ES_760,ES_983,968,1000,10776
0,Stream_1521,ats,ES_761,ES_762,527,500,10910
5,Stream_1522,ats,ES_761,ES_822,881,2000,6405
5,Stream_1523,ats,ES_762,ES_234,961,1000,19742
6,Stream_1524,ats,ES_762,ES_1016,602,2000,1889
2,Stream_1525,ats,ES_763,ES_962,642,500,19382
3,Stream_1526,ats,ES_763,ES_951,830,500,9429
2,Stream_1527,ats,ES_764,ES_715,825,500,12132
7,Stream_1528,ats,ES_764,ES_326,883,1000,6502
4,Stream_1529,ats,ES_765,ES_676,712,500,14876
4,Stream_1530,ats,ES_765,ES_727,985,500,6997
7,Stream_1531,ats,ES_766,ES_489,896,2000,17724
5,Stream_1532,ats,ES_766,ES_465,984,2000,4359
5,Stream_1533,ats,ES_767,ES_486,943,1000,19251
0,Stream_1534,ats,ES_767,ES_339,542,2000,2442
2,Stream_1535,ats,ES_768,ES_965,981,1000,10233
7,Stream_1536,ats,ES_768,ES_305,553,500,13334
3,Stream_1537,ats,ES_769,ES_723,858,1000,8954
0,Stream_1538,ats,ES_769,ES_32,672,500,1913
7,Stream_1539,ats,ES_770,ES_557,635,500,15700
4,Stream_1540,ats,ES_770,ES_917,774,2000,15275
3,Stream_1541,ats,ES_771,ES_428,553,2000,16852
3,Stream_1542,ats,ES_771,ES_268,731,500,7998
2,Stream_1543,ats,ES_772,ES_983,549,500,16305
6,Stream_1544,ats,ES_772,ES_279,606,500,9009
3,Stream_1545,ats,ES_773,ES_303,599,2000,6371
7,Stream_1546,ats,ES_773,ES_143,915,1000,16839
4,Stream_1547,ats,ES_774,ES_252,950,1000,11372
5,Stream_1548,ats,ES_774,ES_940,649,2000,3682
4,Stream_1549,ats,ES_775,ES_501,917,500,3692
2,Stream_1550,ats,ES_775,ES_883,960,2000,16791
6,Stream_1551,ats,ES_776,ES_705,871,1000,2311
6,Stream_1552,ats,ES_776,ES_608,974,2000,5080
6,Stream_1553,ats,ES_777,ES_553,716,2000,14781
7,Stream_1554,ats,ES_777,ES_517,950,1000,10423
6,Stream_1555,ats,ES_778,ES_428,868,500,16375
4,Stream_1556,ats,ES_778,ES_214,919,1000,2569
6,Stream_1557,ats,ES_779,ES_343,670,2000,9949
4,Stream_1558,ats,ES_779,ES_491,532,2000,7456
1,Stream_1559,ats,ES_780,ES_903,586,500,14119
7,Stream_1560,ats,ES_780,ES_573,770,1000,13367
1,Stream_1561,ats,ES_781,ES_211,802,500,1394
6,Stream_1562,ats,ES_781,ES_464,618,2000,3949
1,Stream_1563,ats,ES_782,ES_603,579,2000,7673
4,Stream_1564,ats,ES_782,ES_758,906,1000,3307
0,Stream_1565,ats,ES_783,ES_421,602,1000,6030
4,Stream_1566,ats,ES_783,ES_368,605,1000,8526
4,Stream_1567,ats,ES_784,ES_46,987,500,15165
6,Stream_1568,ats,ES_784,ES_127,617,2000,17594
3,Stream_1569,ats,ES_785,ES_712,891,2000,11376
7,Stream_1570,ats,ES_785,ES_502,929,1000,4931
4,Stream_1571,ats,ES_786,ES_277,670,1000,5146
5,Stream_1572,ats,ES_786,ES_33,745,500,10988
7,Stream_1573,ats,ES_787,ES_894,557,1000,19224
4,Stream_1574,ats,ES_787,ES_977,601,500,6870
1,Stream_1575,ats,ES_788,ES_421,867,500,5548
1,Stream_1576,ats,ES_788,ES_19,510,500,16976
1,Stream_1577,ats,ES_789,ES_240,799,1000,6821
0,Stream_1578,ats,ES_789,ES_488,593,2000,3205
5,Stream_1579,ats,ES_790,ES_499,950,500,8063
4,Stream_1580,ats,ES_790,ES_820,697,1000,4579
1,Stream_1581,ats,ES_791,ES_70,592,500,2349
0,Stream_1582,ats,ES_791,ES_939,965,1000,5510
2,Stream_1583,ats,ES_792,ES_75,796,1000,15896
7,Stream_1584,ats,ES_792,ES_568,906,2000,11037
1,Stream_1585,ats,ES_793,ES_1000,722,2000,14430
6,Stream_1586,ats,ES_793,ES_111,586,500,8008
2,Stream_1587,ats,ES_794,ES_781,524,500,7174
3,Stream_1588,ats,ES_794,ES_136,573,2000,1271
4,Stream_1589,ats,ES_795,ES_277,823,2000,11595
7,Stream_1590,ats,ES_795,ES_662,712,1000,8652
2,Stream_1591,ats,ES_796,ES_961,883,1000,18978
5,Stream_1592,ats,ES_796,ES_546,540,500,15604
2,Stream_1593,ats,ES_797,ES_901,501,1000,11147
1,Stream_1594,ats,ES_797,ES_64,542,2000,14411
5,Stream_1595,ats,ES_798,ES_414,865,500,15288
6,Stream_1596,ats,ES_798,ES_551,510,2000,10553
7,Stream_1597,ats,ES_799,ES_355,871,2000,16726
1,Stream_1598,ats,ES_799,ES_177,703,2000,4027
2,Stream_1599,ats,ES_800,ES_969,586,500,18565
0,Stream_1600,ats,ES_800,ES_308,831,2000,13258
6,Stream_1601,ats,ES_801,ES_755,838,1000,14628
2,Stream_1602,ats,ES_801,ES_596,826,500,4890
0,Stream_1603,ats,ES_802,ES_379,739,1000,3786
6,Stream_1604,ats,ES_802,ES_508,792,2000,9869
6,Stream_1605,ats,ES_803,ES_138,534,2000,7554
0,Stream_1606,ats,ES_803,ES_586,692,500,17173
7,Stream_1607,ats,ES_804,ES_666,920,2000,15419
5,Stream_1608,ats,ES_804,ES_894,910,2000,10733
1,Stream_1609,ats,ES_805,ES_509,870,2000,3579
4,Stream_1610,ats,ES_805,ES_784,900,2000,12330
7,Stream_1611,ats,ES_806,ES_784,650,500,18723
2,Stream_1612,ats,ES_806,ES_929,967,1000,5280
5,Stream_1613,ats,ES_807,ES_302,935,1000,14214
1,Stream_1614,ats,ES_807,ES_949,930,500,8443
1,Stream_1615,ats,ES_808,ES_863,908,500,5596
2,Stream_1616,ats,ES_808,ES_747,744,2000,18457
6,Stream_1617,ats,ES_809,ES_674,580,500,1781
5,Stream_1618,ats,ES_809,ES_781,854,1000,5362
6,Stream_1619,ats,ES_810,ES_636,691,2000,18204
5,Stream_1620,ats,ES_810,ES_200,828,2000,4828
0,Stream_1621,ats,ES_811,ES_301,620,2000,2753
1,Stream_1622,ats,ES_811,ES_117,707,1000,7233
6,Stream_1623,ats,ES_812,ES_369,751,500,17594
3,Stream_1624,ats,ES_812,ES_293,920,500,19536
2,Stream_1625,ats,ES_813,ES_256,986,1000,1523
2,Stream_1626,ats,ES_813,ES_494,874,2000,5149
2,Stream_1627,ats,ES_814,ES_285,548,1000,11918
5,Stream_1628,ats,ES_814,ES_928,518,500,14236
4,Stream_1629,ats,ES_815,ES_641,720,500,11385
7,Stream_1630,ats,ES_815,ES_167,727,500,10461
0,Stream_1631,ats,ES_816,ES_127,514,1000,5908
6,Stream_1632,ats,ES_816,ES_858,698,2000,6310
4,Stream_1633,ats,ES_817,ES_1001,872,1000,15338
4,Stream_1634,ats,ES_817,ES_224,760,1000,5381
7,Stream_1635,ats,ES_818,ES_896,1000,1000,14785
3,Stream_1636,ats,ES_818,ES_702,721,1000,5816
0,Stream_1637,ats,ES_819,ES_807,805,2000,18196
6,Stream_1638,ats,ES_819,ES_837,837,1000,12457
0,Stream_1639,ats,ES_820,ES_642,641,500,15646
7,Stream_1640,ats,ES_820,ES_440,934,2000,11694
3,Stream_1641,ats,ES_821,ES_579,714,1000,10824
2,Stream_1642,ats,ES_821,ES_717,881,500,4906
2,Stream_1643,ats,ES_822,ES_944,929,500,12942
0,Stream_1644,ats,ES_822,ES_215,594,2000,7260
1,Stream_1645,ats,ES_823,ES_948,656,500,2017
3,Stream_1646,ats,ES_823,ES_366,623,1000,13948
6,Stream_1647,ats,ES_824,ES_677,604,500,19562
2,Stream_1648,ats,ES_824,ES_700,925,2000,11295
3,Stream_1649,ats,ES_825,ES_171,722,1000,5262
6,Stream_1650,ats,ES_825,ES_1001,595,500,4666
4,Stream_1651,ats,ES_826,ES_848,828,1000,12572
2,Stream_1652,ats,ES_826,ES_30,995,2000,7682
4,Stream_1653,ats,ES_827,ES_177,853,500,11070
3,Stream_1654,ats,ES_827,ES_51,987,500,19583
6,Stream_1655,ats,ES_828,ES_854,751,2000,2121
1,Stream_1656,ats,ES_828,ES_118,607,500,14167
0,Stream_1657,ats,ES_829,ES_691,770,2000,6974
3,Stream_1658,ats,ES_829,ES_28,769,2000,6415
0,Stream_1659,ats,ES_830,ES_23,891,1000,14589
3,Stream_1660,ats,ES_830,ES_689,636,500,7910
6,Stream_1661,ats,ES_831,ES_569,673,500,18228
3,Stream_1662,ats,ES_831,ES_447,937,1000,18948
4,Stream_1663,ats,ES_832,ES_354,743,1000,17544
2,Stream_1664,ats,ES_832,ES_963,517,1000,17299
5,Stream_1665,ats,ES_833,ES_514,567,500,11646
6,Stream_1666,ats,ES_833,ES_275,824,500,12080
5,Stream_1667,ats,ES_834,ES_975,584,2000,18378
7,Stream_1668,ats,ES_834,ES_920,503,2000,12464
0,Stream_1669,ats,ES_835,ES_534,987,500,16770
6,Stream_1670,ats,ES_835,ES_901,922,2000,8371
2,Stream_1671,ats,ES_836,ES_438,800,2000,14153
3,Stream_1672,ats,ES_836,ES_614,690,2000,10879
0,Stream_1673,ats,ES_837,ES_498,788,2000,6619
5,Stream_1674,ats,ES_837,ES_421,903,1000,3310
7,Stream_1675,ats,ES_838,ES_966,563,500,7935
1,Stream_1676,ats,ES_838,ES_344,612,500,11612
3,Stream_1677,ats,ES_839,ES_924,875,1000,15262
6,Stream_1678,ats,ES_839,ES_273,500,500,12019
5,Stream_1679,ats,ES_840,ES_653,879,1000,16425
0,Stream_1680,ats,ES_840,ES_535,537,2000,14757
7,Stream_1681,ats,ES_841,ES_293,582,2000,12458
6,Stream_1682,ats,ES_841,ES_1005,877,2000,11448
3,Stream_1683,ats,ES_842,ES_898,550,500,12366
3,Stream_1684,ats,ES_842,ES_406,750,1000,4849
4,Stream_1685,ats,ES_843,ES_855,542,1000,19661
0,Stream_1686,ats,ES_843,ES_136,928,500,18965
1,Stream_1687,ats,ES_844,ES_256,517,500,2597
0,Stream_1688,ats,ES_844,ES_715,563,500,13935
6,Stream_1689,ats,ES_845,ES_48,509,500,5774
0,Stream_1690,ats,ES_845,ES_771,731,1000,13618
2,Stream_1691,ats,ES_846,ES_1009,519,2000,5499
0,Stream_1692,ats,ES_846,ES_292,727,500,1955
1,Stream_1693,ats,ES_847,ES_608,800,1000,19109
7,Stream_1694,ats,ES_847,ES_606,618,500,2900
2,Stream_1695,ats,ES_848,ES_34,727,500,19975
6,Stream_1696,ats,ES_848,ES_488,851,2000,13292
3,Stream_1697,ats,ES_849,ES_320,809,1000,10980
7,Stream_1698,ats,ES_849,ES_351,819,2000,14463
1,Stream_1699,ats,ES_850,ES_833,932,1000,5707
0,Stream_1700,ats,ES_850,ES_589,517,500,15834
1,Stream_1701,ats,ES_851,ES_200,699,500,15698
2,Stream_1702,ats,ES_851,ES_752,956,500,12771
4,Stream_1703,ats,ES_852,ES_996,992,500,13090
0,Stream_1704,ats,ES_852,ES_412,509,1000,1111
1,Stream_1705,ats,ES_853,ES_53,975,1000,7755
6,Stream_1706,ats,ES_853,ES_615,801,500,7800
1,Stream_1707,ats,ES_854,ES_606,906,1000,15930
6,Stream_1708,ats,ES_854,ES_769,748,500,12808
2,Stream_1709,ats,ES_855,ES_1016,529,500,16286
0,Stream_1710,ats,ES_855,ES_256,710,500,4017
3,Stream_1711,ats,ES_856,ES_967,521,2000,5184
6,Stream_1712,ats,ES_856,ES_129,696,1000,16878
6,Stream_1713,ats,ES_857,ES_853,551,2000,1428
5,Stream_1714,ats,ES_857,ES_371,531,1000,10980
1,Stream_1715,ats,ES_858,ES_278,926,500,6316
7,Stream_1716,ats,ES_858,ES_942,952,500,3809
5,Stream_1717,ats,ES_859,ES_954,694,1000,3601
3,Stream_1718,ats,ES_859,ES_616,579,2000,18471
7,Stream_1719,ats,ES_860,ES_743,713,1000,3836
7,Stream_1720,ats,ES_860,ES_730,838,1000,12079
4,Stream_1721,ats,ES_861,ES_870,988,1000,6368
3,Stream_1722,ats,ES_861,ES_1005,981,1000,11385
5,Stream_1723,ats,ES_862,ES_596,973,500,5446
5,Stream_1724,ats,ES_862,ES_103,642,2000,18151
2,Stream_1725,ats,ES_863,ES_908,694,500,14174
7,Stream_1726,ats,ES_863,ES_648,718,1000,3879
4,Stream_1727,ats,ES_864,ES_742,590,500,17372
4,Stream_1728,ats,ES_864,ES_576,565,2000,1919
5,Stream_1729,ats,ES_865,ES_548,720,500,9772
0,Stream_1730,ats,ES_865,ES_548,773,1000,8944
6,Stream_1731,ats,ES_866,ES_963,784,500,7419
2,Stream_1732,ats,ES_866,ES_745,593,2000,9602
4,Stream_1733,ats,ES_867,ES_970,556,500,8729
3,Stream_1734,ats,ES_867,ES_745,571,1000,1833
2,Stream_1735,ats,ES_868,ES_65,954,500,6707
3,Stream_1736,ats,ES_868,ES_967,734,1000,13558
0,Stream_1737,ats,ES_869,ES_964,782,2000,3492
7,Stream_1738,ats,ES_869,ES_727,839,2000,10625
6,Stream_1739,ats,ES_870,ES_767,768,1000,9828
0,Stream_1740,ats,ES_870,ES_991,843,500,18222
3,Stream_1741,ats,ES_871,ES_872,984,1000,19841
2,Stream_1742,ats,ES_871,ES_903,940,500,15647
4,Stream_1743,ats,ES_872,ES_3,768,500,1246
3,Stream_1744,ats,ES_872,ES_556,694,500,12917
6,Stream_1745,ats,ES_873,ES_916,714,1000,15290
5,Stream_1746,ats,ES_873,ES_387,944,500,17582
7,Stream_1747,ats,ES_874,ES_630,638,2000,4409
5,Stream_1748,ats,ES_874,ES_525,912,1000,6378
3,Stream_1749,ats,ES_875,ES_155,708,1000,3037
4,Stream_1750,ats,ES_875,ES_281,622,2000,13309
1,Stream_1751,ats,ES_876,ES_173,866,2000,18879
0,Stream_1752,ats,ES_876,ES_36,654,1000,4731
6,Stream_1753,ats,ES_877,ES_939,854,2000,1527
5,Stream_1754,ats,ES_877,ES_1002,586,1000,13288
0,Stream_1755,ats,ES_878,ES_151,644,2000,14253
5,Stream_1756,ats,ES_878,ES_619,705,1000,1865
6,Stream_1757,ats,ES_879,ES_260,653,500,13224
1,Stream_1758,ats,ES_879,ES_609,847,2000,13637
6,Stream_1759,ats,ES_880,ES_952,801,1000,11347
2,Stream_1760,ats,ES_880,ES_248,550,1000,18725
4,Stream_1761,ats,ES_881,ES_825,598,500,4060
4,Stream_1762,ats,ES_881,ES_493,700,500,16130
5,Stream_1763,ats,ES_882,ES_837,741,2000,11059
3,Stream_1764,ats,ES_882,ES_479,578,500,16250
6,Stream_1765,ats,ES_883,ES_202,885,500,2748
3,Stream_1766,ats,ES_883,ES_242,805,500,12715
2,Stream_1767,ats,ES_884,ES_43,819,2000,7717
4,Stream_1768,ats,ES_884,ES_103,717,1000,14535
7,Stream_1769,ats,ES_885,ES_218,875,500,3640
5,Stream_1770,ats,ES_885,ES_1024,908,1000,11892
7,Stream_1771,ats,ES_886,ES_426,600,500,17084
6,Stream_1772,ats,ES_886,ES_673,719,500,5077
0,Stream_1773,ats,ES_887,ES_171,791,1000,16362
5,Stream_1774,ats,ES_887,ES_628,589,2000,14682
1,Stream_1775,ats,ES_888,ES_366,941,1000,3761
4,Stream_1776,ats,ES_888,ES_723,515,2000,8128
4,Stream_1777,ats,ES_889,ES_942,766,500,8831
2,Stream_1778,ats,ES_889,ES_453,826,500,11607
4,Stream_1779,ats,ES_890,ES_797,939,500,7224
5,Stream_1780,ats,ES_890,ES_335,532,500,4648
6,Stream_1781,ats,ES_891,ES_625,573,2000,13070
6,Stream_1782,ats,ES_891,ES_788,658,1000,16775
1,Stream_1783,ats,ES_892,ES_938,517,500,3046
3,Stream_1784,ats,ES_892,ES_219,917,500,8773
1,Stream_1785,ats,ES_893,ES_27,845,2000,18466
4,Stream_1786,ats,ES_893,ES_212,972,2000,12523
1,Stream_1787,ats,ES_894,ES_943,643,500,11889
7,Stream_1788,ats,ES_894,ES_794,575,1000,13488
1,Stream_1789,ats,ES_895,ES_433,946,1000,6763
5,Stream_1790,ats,ES_895,ES_1017,671,2000,17464
5,Stream_1791,ats,ES_896,ES_64,851,2000,11145
7,Stream_1792,ats,ES_896,ES_988,669,500,11822
5,Stream_1793,ats,ES_897,ES_110,709,1000,11544
6,Stream_1794,ats,ES_897,ES_731,831,1000,14296
4,Stream_1795,ats,ES_898,ES_313,856,2000,3083
3,Stream_1796,ats,ES_898,ES_215,873,500,12058
7,Stream_1797,ats,ES_899,ES_295,887,500,13384
4,Stream_1798,ats,ES_899,ES_451,917,1000,3074
1,Stream_1799,ats,ES_900,ES_691,637,1000,18913
2,Stream_1800,ats,ES_900,ES_538,579,2000,17870
6,Stream_1801,ats,ES_901,ES_363,697,2000,6106
2,Stream_1802,ats,ES_901,ES_779,883,2000,15200
2,Stream_1803,ats,ES_902,ES_989,584,1000,5409
2,Stream_1804,ats,ES_902,ES_196,612,500,18391
5,Stream_1805,ats,ES_903,ES_1014,872,500,14391
5,Stream_1806,ats,ES_903,ES_474,849,2000,9381
0,Stream_1807,ats,ES_904,ES_660,952,1000,10761
1,Stream_1808,ats,ES_904,ES_582,812,500,5845
2,Stream_1809,ats,ES_905,ES_682,719,500,14351
1,Stream_1810,ats,ES_905,ES_18,783,1000,11356
1,Stream_1811,ats,ES_906,ES_164,794,2000,14250
5,Stream_1812,ats,ES_906,ES_87,879,2000,19795
6,Stream_1813,ats,ES_907,ES_296,798,1000,19124
1,Stream_1814,ats,ES_907,ES_568,701,2000,17233
3,Stream_1815,ats,ES_908,ES_11,838,2000,9162
2,Stream_1816,ats,ES_908,ES_770,940,500,6406
0,Stream_1817,ats,ES_909,ES_985,956,500,13956
7,Stream_1818,ats,ES_909,ES_404,981,500,8722
7,Stream_1819,ats,ES_910,ES_905,826,500,2349
2,Stream_1820,ats,ES_910,ES_193,874,500,16388
1,Stream_1821,ats,ES_911,ES_852,943,2000,6626
0,Stream_1822,ats,ES_911,ES_948,931,1000,15872
6,Stream_1823,ats,ES_912,ES_356,570,1000,15074
0,Stream_1824,ats,ES_912,ES_921,668,2000,17576
2,Stream_1825,ats,ES_913,ES_799,909,500,19108
4,Stream_1826,ats,ES_913,ES_207,899,500,17534
6,Stream_1827,ats,ES_914,ES_590,583,500,18350
7,Stream_1828,ats,ES_914,ES_487,919,500,14593
1,Stream_1829,ats,ES_915,ES_229,814,2000,10326
7,Stream_1830,ats,ES_915,ES_923,592,2000,14166
7,Stream_1831,ats,ES_916,ES_368,766,1000,16288
6,Stream_1832,ats,ES_916,ES_935,969,500,4883
1,Stream_1833,ats,ES_917,ES_15,878,1000,18018
4,Stream_1834,ats,ES_917,ES_11,660,500,9830
3,Stream_1835,ats,ES_918,ES_85,777,2000,17248
2,Stream_1836,ats,ES_918,ES_608,526,500,2994
3,Stream_1837,ats,ES_919,ES_808,695,500,1981
4,Stream_1838,ats,ES_919,ES_615,915,2000,6702
3,Stream_1839,ats,ES_920,ES_177,808,1000,14644
7,Stream_1840,ats,ES_920,ES_186,952,500,2139
2,Stream_1841,ats,ES_921,ES_423,643,2000,17847
0,Stream_1842,ats,ES_921,ES_966,880,2000,16613
5,Stream_1843,ats,ES_922,ES_409,676,500,16610
5,Stream_1844,ats,ES_922,ES_141,867,1000,12376
5,Stream_1845,ats,ES_923,ES_585,765,2000,16899
4,Stream_1846,ats,ES_923,ES_934,531,500,14454
1,Stream_1847,ats,ES_924,ES_999,674,500,2223
5,Stream_1848,ats,ES_924,ES_58,991,2000,16505
7,Stream_1849,ats,ES_925,ES_42,533,500,11404
0,Stream_1850,ats,ES_925,ES_711,536,500,19030
0,Stream_1851,ats,ES_926,ES_736,858,1000,10522
5,Stream_1852,ats,ES_926,ES_566,796,2000,5183
0,Stream_1853,ats,ES_927,ES_260,637,500,18147
5,Stream_1854,ats,ES_927,ES_852,863,500,19762
3,Stream_1855,ats,ES_928,ES_905,748,500,4599
0,Stream_1856,ats,ES_928,ES_618,710,500,2488
4,Stream_1857,ats,ES_929,ES_71,719,1000,12708
4,Stream_1858,ats,ES_929,ES_429,876,1000,4384
0,Stream_1859,ats,ES_930,ES_835,963,2000,8412
4,Stream_1860,ats,ES_930,ES_396,855,1000,1643
5,Stream_1861,ats,ES_931,ES_934,874,1000,16149
2,Stream_1862,ats,ES_931,ES_420,859,2000,16214
6,Stream_1863,ats,ES_932,ES_214,718,1000,5025
3,Stream_1864,ats,ES_932,ES_669,532,2000,8047
0,Stream_1865,ats,ES_933,ES_824,652,2000,16020
3,Stream_1866,ats,ES_933,ES_337,768,1000,8941
1,Stream_1867,ats,ES_934,ES_264,968,2000,10173
4,Stream_1868,ats,ES_934,ES_572,894,1000,13707
0,Stream_1869,ats,ES_935,ES_654,819,2000,7555
2,Stream_1870,ats,ES_935,ES_228,531,2000,11539
0,Stream_1871,ats,ES_936,ES_453,834,1000,10960
5,Stream_1872,ats,ES_936,ES_981,1000,500,12197
3,Stream_1873,ats,ES_937,ES_238,899,500,19753
4,Stream_1874,ats,ES_937,ES_440,551,500,7771
3,Stream_1875,ats,ES_938,ES_321,541,1000,10645
0,Stream_1876,ats,ES_938,ES_1023,927,500,4678
0,Stream_1877,ats,ES_939,ES_573,557,500,14444
0,Stream_1878,ats,ES_939,ES_818,880,1000,3875
4,Stream_1879,ats,ES_940,ES_421,752,500,18088
0,Stream_1880,ats,ES_940,ES_348,501,500,5510
1,Stream_1881,ats,ES_941,ES_647,580,2000,4883
5,Stream_1882,ats,ES_941,ES_896,814,1000,14248
7,Stream_1883,ats,ES_942,ES_860,884,1000,19346
1,Stream_1884,ats,ES_942,ES_344,537,1000,12088
7,Stream_1885,ats,ES_943,ES_272,707,500,9645
7,Stream_1886,ats,ES_943,ES_804,621,500,2934
6,Stream_1887,ats,ES_944,ES_36,751,2000,10370
7,Stream_1888,ats,ES_944,ES_167,696,1000,12936
7,Stream_1889,ats,ES_945,ES_856,646,2000,15387
3,Stream_1890,ats,ES_945,ES_684,970,1000,4970
4,Stream_1891,ats,ES_946,ES_430,612,2000,15760
2,Stream_1892,ats,ES_946,ES_478,612,1000,19673
0,Stream_1893,ats,ES_947,ES_335,884,1000,1975
2,Stream_1894,ats,ES_947,ES_103,702,2000,12870
4,Stream_1895,ats,ES_948,ES_169,869,1000,16717
0,Stream_1896,ats,ES_948,ES_273,890,1000,15264
0,Stream_1897,ats,ES_949,ES_951,977,500,11813
5,Stream_1898,ats,ES_949,ES_509,543,500,1964
0,Stream_1899,ats,ES_950,ES_1018,866,2000,12880
7,Stream_1900,ats,ES_950,ES_153,740,500,9244
4,Stream_1901,ats,ES_951,ES_26,905,2000,1960
3,Stream_1902,ats,ES_951,ES_383,828,2000,8831
5,Stream_1903,ats,ES_952,ES_619,753,500,12571
4,Stream_1904,ats,ES_952,ES_420,852,1000,2440
6,Stream_1905,ats,ES_953,ES_791,971,2000,9256
6,Stream_1906,ats,ES_953,ES_896,944,500,14155
1,Stream_1907,ats,ES_954,ES_364,625,1000,17985
7,Stream_1908,ats,ES_954,ES_159,922,1000,1016
2,Stream_1909,ats,ES_955,ES_214,616,1000,18598
2,Stream_1910,ats,ES_955,ES_950,943,1000,13961
7,Stream_1911,ats,ES_956,ES_297,892,500,4354
4,Stream_1912,ats,ES_956,ES_22,672,1000,18485
4,Stream_1913,ats,ES_957,ES_833,589,500,14167
6,Stream_1914,ats,ES_957,ES_99,922,2000,1499
7,Stream_1915,ats,ES_958,ES_309,999,2000,6558
6,Stream_1916,ats,ES_958,ES_98,707,1000,11726
7,Stream_1917,ats,ES_959,ES_948,757,1000,1429
7,Stream_1918,ats,ES_959,ES_731,718,500,5586
5,Stream_1919,ats,ES_960,ES_12,842,1000,7629
1,Stream_1920,ats,ES_960,ES_367,957,2000,12350
7,Stream_1921,ats,ES_961,ES_314,746,2000,16754
5,Stream_1922,ats,ES_961,ES_418,827,2000,12358
2,Stream_1923,ats,ES_962,ES_574,714,1000,5839
1,Stream_1924,ats,ES_962,ES_835,971,2000,9211
2,Stream_1925,ats,ES_963,ES_636,892,2000,8120
4,Stream_1926,ats,ES_963,ES_822,589,2000,15558
1,Stream_1927,ats,ES_964,ES_225,735,1000,4928
7,Stream_1928,ats,ES_964,ES_949,991,1000,19685
6,Stream_1929,ats,ES_965,ES_580,588,500,5260
0,Stream_1930,ats,ES_965,ES_41,802,2000,10503
3,Stream_1931,ats,ES_966,ES_266,591,2000,18836
6,Stream_1932,ats,ES_966,ES_113,735,1000,3506
3,Stream_1933,ats,ES_967,ES_329,979,2000,13033
7,Stream_1934,ats,ES_967,ES_650,995,2000,18365
0,Stream_1935,ats,ES_968,ES_293,686,1000,9283
2,Stream_1936,ats,ES_968,ES_170,574,2000,6288
2,Stream_1937,ats,ES_969,ES_747,956,1000,15008
5,Stream_1938,ats,ES_969,ES_222,897,1000,4921
4,Stream_1939,ats,ES_970,ES_798,618,1000,17922
5,Stream_1940,ats,ES_970,ES_82,717,500,7436
0,Stream_1941,ats,ES_971,ES_46,958,500,13729
5,Stream_1942,ats,ES_971,ES_797,677,500,1945
6,Stream_1943,ats,ES_972,ES_173,553,500,4002
6,Stream_1944,ats,ES_972,ES_169,957,2000,14575
7,Stream_1945,ats,ES_973,ES_921,834,2000,6789
1,Stream_1946,ats,ES_973,ES_281,570,500,11231
5,Stream_1947,ats,ES_974,ES_458,568,1000,13565
0,Stream_1948,ats,ES_974,ES_298,841,1000,16672
3,Stream_1949,ats,ES_975,ES_237,508,2000,8696
4,Stream_1950,ats,ES_975,ES_156,937,2000,9415
0,Stream_1951,ats,ES_976,ES_922,714,500,5824
7,Stream_1952,ats,ES_976,ES_767,586,2000,17618
7,Stream_1953,ats,ES_977,ES_177,546,500,6519
3,Stream_1954,ats,ES_977,ES_531,546,2000,8211
6,Stream_1955,ats,ES_978,ES_855,703,1000,9664
3,Stream_1956,ats,ES_978,ES_414,737,1000,19113
0,Stream_1957,ats,ES_979,ES_650,903,500,7400
2,Stream_1958,ats,ES_979,ES_716,879,2000,4367
6,Stream_1959,ats,ES_980,ES_646,859,2000,6322
0,Stream_1960,ats,ES_980,ES_4,530,500,9166
4,Stream_1961,ats,ES_981,ES_802,900,500,4886
4,Stream_1962,ats,ES_981,ES_654,652,1000,4343
6,Stream_1963,ats,ES_982,ES_774,534,500,12515
5,Stream_1964,ats,ES_982,ES_677,849,1000,6705
4,Stream_1965,ats,ES_983,ES_185,751,1000,4053
7,Stream_1966,ats,ES_983,ES_903,636,1000,11705
4,Stream_1967,ats,ES_984,ES_681,551,1000,16029
3,Stream_1968,ats,ES_984,ES_636,623,1000,10542
3,Stream_1969,ats,ES_985,ES_239,767,1000,8294
6,Stream_1970,ats,ES_985,ES_393,982,2000,4661
3,Stream_1971,ats,ES_986,ES_228,515,2000,17680
4,Stream_1972,ats,ES_986,ES_665,506,1000,16004
2,Stream_1973,ats,ES_987,ES_323,609,1000,18168
0,Stream_1974,ats,ES_987,ES_1006,700,500,12209
4,Stream_1975,ats,ES_988,ES_822,812,2000,5124
4,Stream_1976,ats,ES_988,ES_98,711,1000,4582
4,Stream_1977,ats,ES_989,ES_158,778,1000,1487
4,Stream_1978,ats,ES_989,ES_455,938,1000,15743
1,Stream_1979,ats,ES_990,ES_477,784,2000,2174
4,Stream_1980,ats,ES_990,ES_913,989,2000,15766
5,Stream_1981,ats,ES_991,ES_1012,623,2000,9319
1,Stream_1982,ats,ES_991,ES_55,850,1000,17851
1,Stream_1983,ats,ES_992,ES_67,986,500,10041
1,Stream_1984,ats,ES_992,ES_618,949,500,19560
7,Stream_1985,ats,ES_993,ES_419,887,2000,16600
0,Stream_1986,ats,ES_993,ES_273,772,1000,4361
3,Stream_1987,ats,ES_994,ES_468,776,1000,15121
0,Stream_1988,ats,ES_994,ES_934,781,2000,7241
4,Stream_1989,ats,ES_995,ES_664,878,1000,9343
6,Stream_1990,ats,ES_995,ES_218,667,2000,17311
2,Stream_1991,ats,ES_996,ES_74,603,2000,2611
4,Stream_1992,ats,ES_996,ES_218,656,1000,2496
7,Stream_1993,ats,ES_997,ES_840,663,1000,4090
5,Stream_1994,ats,ES_997,ES_534,971,1000,15520
3,Stream_1995,ats,ES_998,ES_954,518,500,1208
1,Stream_1996,ats,ES_998,ES_967,598,1000,16798
3,Stream_1997,ats,ES_999,ES_75,830,1000,3938
5,Stream_1998,ats,ES_999,ES_309,695,500,4562
5,Stream_1999,ats,ES_1000,ES_817,786,2000,10774
5,Stream_2000,ats,ES_1000,ES_146,705,2000,13688
1,Stream_2001,ats,ES_1001,ES_602,524,2000,9099
2,Stream_2002,ats,ES_1001,ES_167,786,2000,15077
5,Stream_2003,ats,ES_1002,ES_970,922,500,12023
3,Stream_2004,ats,ES_1002,ES_965,534,1000,17726
7,Stream_2005,ats,ES_1003,ES_899,908,1000,1291
6,Stream_2006,ats,ES_1003,ES_780,615,1000,19678
3,Stream_2007,ats,ES_1004,ES_905,830,1000,15522
2,Stream_2008,ats,ES_1004,ES_253,821,1000,15189
3,Stream_2009,ats,ES_1005,ES_988,760,1000,19446
0,Stream_2010,ats,ES_1005,ES_376,655,500,12737
3,Stream_2011,ats,ES_1006,ES_80,525,1000,14562
6,Stream_2012,ats,ES_1006,ES_548,599,2000,12936
1,Stream_2013,ats,ES_1007,ES_557,810,500,10375
1,Stream_2014,ats,ES_1007,ES_61,921,2000,6252
5,Stream_2015,ats,ES_1008,ES_860,529,1000,16777
1,Stream_2016,ats,ES_1008,ES_108,650,500,13509
1,Stream_2017,ats,ES_1009,ES_178,762,2000,2297
5,Stream_2018,ats,ES_1009,ES_718,802,1000,9200
0,Stream_2019,ats,ES_1010,ES_117,550,500,8907
0,Stream_2020,ats,ES_1010,ES_28,897,2000,14459
4,Stream_2021,ats,ES_1011,ES_634,859,500,5132
0,Stream_2022,ats,ES_1011,ES_937,961,1000,5401
0,Stream_2023,ats,ES_1012,ES_827,931,1000,7805
3,Stream_2024,ats,ES_1012,ES_140,851,2000,1877
4,Stream_2025,ats,ES_1013,ES_498,886,2000,6511
0,Stream_2026,ats,ES_1013,ES_844,647,1000,2751
6,Stream_2027,ats,ES_1014,ES_921,710,500,7757
2,Stream_2028,ats,ES_1014,ES_871,740,1000,11298
2,Stream_2029,ats,ES_1015,ES_366,847,500,11002
2,Stream_2030,ats,ES_1015,ES_841,784,1000,14948
1,Stream_2031,ats,ES_1016,ES_776,715,500,4311
1,Stream_2032,ats,ES_1016,ES_957,915,1000,2332
7,Stream_2033,ats,ES_1017,ES_915,966,2000,1086
3,Stream_2034,ats,ES_1017,ES_69,602,2000,16858
3,Stream_2035,ats,ES_1018,ES_125,975,2000,6741
3,Stream_2036,ats,ES_1018,ES_603,831,500,8182
6,Stream_2037,ats,ES_1019,ES_420,505,500,9609
5,Stream_2038,ats,ES_1019,ES_583,562,500,4125
0,Stream_2039,ats,ES_1020,ES_734,691,1000,16467
2,Stream_2040,ats,ES_1020,ES_684,953,500,15310
1,Stream_2041,ats,ES_1021,ES_791,662,2000,6956
6,Stream_2042,ats,ES_1021,ES_318,770,500,19146
6,Stream_2043,ats,ES_1022,ES_918,822,1000,2987
4,Stream_2044,ats,ES_1022,ES_100,585,500,7873
1,Stream_2045,ats,ES_1023,ES_415,940,2000,5833
5,Stream_2046,ats,ES_1023,ES_593,710,500,16250
6,Stream_2047,ats,ES_1024,ES_978,681,500,13605
6,Stream_2048,ats,ES_1024,ES_1019,791,1000,3235
